-- phpMyAdmin SQL Dump
-- version 5.2.1
-- https://www.phpmyadmin.net/
--
-- Máy chủ: 127.0.0.1
-- Thời gian đã tạo: Th12 11, 2024 lúc 05:19 AM
-- Phiên bản máy phục vụ: 10.4.32-MariaDB
-- Phiên bản PHP: 8.2.12

SET SQL_MODE = "NO_AUTO_VALUE_ON_ZERO";
START TRANSACTION;
SET time_zone = "+00:00";


/*!40101 SET @OLD_CHARACTER_SET_CLIENT=@@CHARACTER_SET_CLIENT */;
/*!40101 SET @OLD_CHARACTER_SET_RESULTS=@@CHARACTER_SET_RESULTS */;
/*!40101 SET @OLD_COLLATION_CONNECTION=@@COLLATION_CONNECTION */;
/*!40101 SET NAMES utf8mb4 */;

--
-- Cơ sở dữ liệu: `tiam`
--

-- --------------------------------------------------------

--
-- Cấu trúc bảng cho bảng `binhluan`
--

CREATE TABLE `binhluan` (
  `id` int(11) NOT NULL,
  `id_phim` int(11) NOT NULL,
  `id_user` int(11) NOT NULL,
  `noidung` text NOT NULL,
  `ngaybinhluan` varchar(255) NOT NULL
) ENGINE=InnoDB DEFAULT CHARSET=utf8mb4 COLLATE=utf8mb4_general_ci;

--
-- Đang đổ dữ liệu cho bảng `binhluan`
--

INSERT INTO `binhluan` (`id`, `id_phim`, `id_user`, `noidung`, `ngaybinhluan`) VALUES
(13, 11, 25, 'ddddd', '09:27:pm 11-09-2024'),
(14, 8, 28, 'phim hay', '04:49:pm 16-11-2024');

-- --------------------------------------------------------

--
-- Cấu trúc bảng cho bảng `ghe`
--

CREATE TABLE `ghe` (
  `id` int(11) NOT NULL,
  `id_khung_gio_chieu` int(11) NOT NULL,
  `hang` varchar(2) NOT NULL,
  `so_ghe` int(11) NOT NULL,
  `loai_ghe` enum('thuong','vip','doi') NOT NULL DEFAULT 'thuong',
  `trang_thai` enum('chưa đặt','đã đặt') NOT NULL DEFAULT 'chưa đặt'
) ENGINE=InnoDB DEFAULT CHARSET=utf8mb4 COLLATE=utf8mb4_general_ci;

--
-- Đang đổ dữ liệu cho bảng `ghe`
--

INSERT INTO `ghe` (`id`, `id_khung_gio_chieu`, `hang`, `so_ghe`, `loai_ghe`, `trang_thai`) VALUES
(2, 163, 'A', 1, 'vip', 'đã đặt'),
(3, 163, 'A', 2, 'vip', 'chưa đặt'),
(4, 163, 'A', 3, 'vip', 'chưa đặt'),
(5, 163, 'A', 4, 'vip', 'chưa đặt'),
(6, 163, 'A', 5, 'vip', 'chưa đặt'),
(7, 163, 'A', 6, 'vip', 'đã đặt'),
(8, 163, 'A', 7, 'vip', 'đã đặt'),
(9, 163, 'A', 8, 'vip', 'chưa đặt'),
(10, 163, 'A', 9, 'vip', 'chưa đặt'),
(11, 163, 'A', 10, 'vip', 'chưa đặt'),
(12, 163, 'A', 11, 'vip', 'đã đặt'),
(13, 163, 'A', 12, 'vip', 'chưa đặt'),
(14, 163, 'A', 13, 'vip', 'chưa đặt'),
(15, 163, 'A', 14, 'vip', 'chưa đặt'),
(16, 163, 'A', 15, 'vip', 'chưa đặt'),
(17, 163, 'B', 1, 'vip', 'chưa đặt'),
(18, 163, 'B', 2, 'vip', 'chưa đặt'),
(19, 163, 'B', 3, 'vip', 'đã đặt'),
(20, 163, 'B', 4, 'vip', 'chưa đặt'),
(21, 163, 'B', 5, 'vip', 'chưa đặt'),
(22, 163, 'B', 6, 'vip', 'chưa đặt'),
(23, 163, 'B', 7, 'vip', 'đã đặt'),
(24, 163, 'B', 8, 'vip', 'chưa đặt'),
(25, 163, 'B', 9, 'vip', 'chưa đặt'),
(26, 163, 'B', 10, 'vip', 'chưa đặt'),
(27, 163, 'B', 11, 'vip', 'chưa đặt'),
(28, 163, 'B', 12, 'vip', 'chưa đặt'),
(29, 163, 'B', 13, 'vip', 'chưa đặt'),
(30, 163, 'B', 14, 'vip', 'chưa đặt'),
(31, 163, 'B', 15, 'vip', 'chưa đặt'),
(32, 163, 'C', 1, 'thuong', 'chưa đặt'),
(33, 163, 'C', 2, 'thuong', 'chưa đặt'),
(34, 163, 'C', 3, 'thuong', 'chưa đặt'),
(35, 163, 'C', 4, 'thuong', 'chưa đặt'),
(36, 163, 'C', 5, 'thuong', 'chưa đặt'),
(37, 163, 'C', 6, 'thuong', 'chưa đặt'),
(38, 163, 'C', 7, 'thuong', 'đã đặt'),
(39, 163, 'C', 8, 'thuong', 'chưa đặt'),
(40, 163, 'C', 9, 'thuong', 'chưa đặt'),
(41, 163, 'C', 10, 'thuong', 'chưa đặt'),
(42, 163, 'C', 11, 'thuong', 'đã đặt'),
(43, 163, 'C', 12, 'thuong', 'chưa đặt'),
(44, 163, 'C', 13, 'thuong', 'chưa đặt'),
(45, 163, 'C', 14, 'thuong', 'chưa đặt'),
(46, 163, 'C', 15, 'thuong', 'chưa đặt'),
(47, 163, 'D', 1, 'thuong', 'đã đặt'),
(48, 163, 'D', 2, 'thuong', 'đã đặt'),
(49, 163, 'D', 3, 'thuong', 'chưa đặt'),
(50, 163, 'D', 4, 'thuong', 'chưa đặt'),
(51, 163, 'D', 5, 'thuong', 'đã đặt'),
(52, 163, 'D', 6, 'thuong', 'đã đặt'),
(53, 163, 'D', 7, 'thuong', 'chưa đặt'),
(54, 163, 'D', 8, 'thuong', 'chưa đặt'),
(55, 163, 'D', 9, 'thuong', 'chưa đặt'),
(56, 163, 'D', 10, 'thuong', 'chưa đặt'),
(57, 163, 'D', 11, 'thuong', 'chưa đặt'),
(58, 163, 'D', 12, 'thuong', 'chưa đặt'),
(59, 163, 'D', 13, 'thuong', 'chưa đặt'),
(60, 163, 'D', 14, 'thuong', 'chưa đặt'),
(61, 163, 'D', 15, 'thuong', 'chưa đặt'),
(62, 163, 'E', 1, 'thuong', 'chưa đặt'),
(63, 163, 'E', 2, 'thuong', 'chưa đặt'),
(64, 163, 'E', 3, 'thuong', 'chưa đặt'),
(65, 163, 'E', 4, 'thuong', 'chưa đặt'),
(66, 163, 'E', 5, 'thuong', 'đã đặt'),
(67, 163, 'E', 6, 'thuong', 'đã đặt'),
(68, 163, 'E', 7, 'thuong', 'chưa đặt'),
(69, 163, 'E', 8, 'thuong', 'đã đặt'),
(70, 163, 'E', 9, 'thuong', 'đã đặt'),
(71, 163, 'E', 10, 'thuong', 'chưa đặt'),
(72, 163, 'E', 11, 'thuong', 'chưa đặt'),
(73, 163, 'E', 12, 'thuong', 'chưa đặt'),
(74, 163, 'E', 13, 'thuong', 'chưa đặt'),
(75, 163, 'E', 14, 'thuong', 'chưa đặt'),
(76, 163, 'E', 15, 'thuong', 'chưa đặt'),
(77, 163, 'F', 1, 'thuong', 'chưa đặt'),
(78, 163, 'F', 2, 'thuong', 'chưa đặt'),
(79, 163, 'F', 3, 'thuong', 'chưa đặt'),
(80, 163, 'F', 4, 'thuong', 'chưa đặt'),
(81, 163, 'F', 5, 'thuong', 'chưa đặt'),
(82, 163, 'F', 6, 'thuong', 'chưa đặt'),
(83, 163, 'F', 7, 'thuong', 'chưa đặt'),
(84, 163, 'F', 8, 'thuong', 'chưa đặt'),
(85, 163, 'F', 9, 'thuong', 'đã đặt'),
(86, 163, 'F', 10, 'thuong', 'đã đặt'),
(87, 163, 'F', 11, 'thuong', 'chưa đặt'),
(88, 163, 'F', 12, 'thuong', 'chưa đặt'),
(89, 163, 'F', 13, 'thuong', 'chưa đặt'),
(90, 163, 'F', 14, 'thuong', 'chưa đặt'),
(91, 163, 'F', 15, 'thuong', 'chưa đặt'),
(92, 163, 'G', 1, 'thuong', 'chưa đặt'),
(93, 163, 'G', 2, 'thuong', 'chưa đặt'),
(94, 163, 'G', 3, 'thuong', 'đã đặt'),
(95, 163, 'G', 4, 'thuong', 'chưa đặt'),
(96, 163, 'G', 5, 'thuong', 'chưa đặt'),
(97, 163, 'G', 6, 'thuong', 'chưa đặt'),
(98, 163, 'G', 7, 'thuong', 'chưa đặt'),
(99, 163, 'G', 8, 'thuong', 'chưa đặt'),
(100, 163, 'G', 9, 'thuong', 'chưa đặt'),
(101, 163, 'G', 10, 'thuong', 'chưa đặt'),
(102, 163, 'G', 11, 'thuong', 'đã đặt'),
(103, 163, 'G', 12, 'thuong', 'đã đặt'),
(104, 163, 'G', 13, 'thuong', 'chưa đặt'),
(105, 163, 'G', 14, 'thuong', 'chưa đặt'),
(106, 163, 'G', 15, 'thuong', 'chưa đặt'),
(107, 163, 'H', 1, 'thuong', 'chưa đặt'),
(108, 163, 'H', 2, 'thuong', 'chưa đặt'),
(109, 163, 'H', 3, 'thuong', 'đã đặt'),
(110, 163, 'H', 4, 'thuong', 'chưa đặt'),
(111, 163, 'H', 5, 'thuong', 'đã đặt'),
(112, 163, 'H', 6, 'thuong', 'đã đặt'),
(113, 163, 'H', 7, 'thuong', 'đã đặt'),
(114, 163, 'H', 8, 'thuong', 'đã đặt'),
(115, 163, 'H', 9, 'thuong', 'chưa đặt'),
(116, 163, 'H', 10, 'thuong', 'đã đặt'),
(117, 163, 'H', 11, 'thuong', 'chưa đặt'),
(118, 163, 'H', 12, 'thuong', 'chưa đặt'),
(119, 163, 'H', 13, 'thuong', 'chưa đặt'),
(120, 163, 'H', 14, 'thuong', 'chưa đặt'),
(121, 163, 'H', 15, 'thuong', 'chưa đặt'),
(122, 163, 'I', 1, 'doi', 'chưa đặt'),
(123, 163, 'I', 2, 'doi', 'chưa đặt'),
(124, 163, 'I', 3, 'doi', 'đã đặt'),
(125, 163, 'I', 4, 'doi', 'chưa đặt'),
(126, 163, 'I', 5, 'doi', 'đã đặt'),
(127, 163, 'I', 6, 'doi', 'chưa đặt'),
(128, 163, 'I', 7, 'doi', 'đã đặt'),
(129, 163, 'I', 8, 'doi', 'chưa đặt'),
(130, 163, 'I', 9, 'doi', 'chưa đặt'),
(131, 163, 'I', 10, 'doi', 'chưa đặt'),
(132, 163, 'I', 11, 'doi', 'chưa đặt'),
(133, 163, 'I', 12, 'doi', 'chưa đặt'),
(134, 163, 'I', 13, 'doi', 'chưa đặt'),
(135, 163, 'I', 14, 'doi', 'chưa đặt'),
(136, 163, 'I', 15, 'doi', 'đã đặt'),
(137, 163, 'J', 1, 'doi', 'chưa đặt'),
(138, 163, 'J', 2, 'doi', 'chưa đặt'),
(139, 163, 'J', 3, 'doi', 'chưa đặt'),
(140, 163, 'J', 4, 'doi', 'chưa đặt'),
(141, 163, 'J', 5, 'doi', 'chưa đặt'),
(142, 163, 'J', 6, 'doi', 'chưa đặt'),
(143, 163, 'J', 7, 'doi', 'chưa đặt'),
(144, 163, 'J', 8, 'doi', 'chưa đặt'),
(145, 163, 'J', 9, 'doi', 'đã đặt'),
(146, 163, 'J', 10, 'doi', 'chưa đặt'),
(147, 163, 'J', 11, 'doi', 'chưa đặt'),
(148, 163, 'J', 12, 'doi', 'chưa đặt'),
(149, 163, 'J', 13, 'doi', 'chưa đặt'),
(150, 163, 'J', 14, 'doi', 'chưa đặt'),
(151, 163, 'J', 15, 'doi', 'đã đặt'),
(152, 164, 'A', 1, 'vip', 'chưa đặt'),
(153, 164, 'A', 2, 'vip', 'chưa đặt'),
(154, 164, 'A', 3, 'vip', 'chưa đặt'),
(155, 164, 'A', 4, 'vip', 'đã đặt'),
(156, 164, 'A', 5, 'vip', 'chưa đặt'),
(157, 164, 'A', 6, 'vip', 'chưa đặt'),
(158, 164, 'A', 7, 'vip', 'chưa đặt'),
(159, 164, 'A', 8, 'vip', 'chưa đặt'),
(160, 164, 'A', 9, 'vip', 'chưa đặt'),
(161, 164, 'A', 10, 'vip', 'chưa đặt'),
(162, 164, 'A', 11, 'vip', 'chưa đặt'),
(163, 164, 'A', 12, 'vip', 'chưa đặt'),
(164, 164, 'B', 1, 'vip', 'chưa đặt'),
(165, 164, 'B', 2, 'vip', 'chưa đặt'),
(166, 164, 'B', 3, 'vip', 'đã đặt'),
(167, 164, 'B', 4, 'vip', 'đã đặt'),
(168, 164, 'B', 5, 'vip', 'chưa đặt'),
(169, 164, 'B', 6, 'vip', 'đã đặt'),
(170, 164, 'B', 7, 'vip', 'chưa đặt'),
(171, 164, 'B', 8, 'vip', 'chưa đặt'),
(172, 164, 'B', 9, 'vip', 'chưa đặt'),
(173, 164, 'B', 10, 'vip', 'đã đặt'),
(174, 164, 'B', 11, 'vip', 'đã đặt'),
(175, 164, 'B', 12, 'vip', 'chưa đặt'),
(176, 164, 'C', 1, 'thuong', 'chưa đặt'),
(177, 164, 'C', 2, 'thuong', 'chưa đặt'),
(178, 164, 'C', 3, 'thuong', 'chưa đặt'),
(179, 164, 'C', 4, 'thuong', 'chưa đặt'),
(180, 164, 'C', 5, 'thuong', 'chưa đặt'),
(181, 164, 'C', 6, 'thuong', 'chưa đặt'),
(182, 164, 'C', 7, 'thuong', 'chưa đặt'),
(183, 164, 'C', 8, 'thuong', 'chưa đặt'),
(184, 164, 'C', 9, 'thuong', 'chưa đặt'),
(185, 164, 'C', 10, 'thuong', 'chưa đặt'),
(186, 164, 'C', 11, 'thuong', 'chưa đặt'),
(187, 164, 'C', 12, 'thuong', 'chưa đặt'),
(188, 164, 'D', 1, 'thuong', 'chưa đặt'),
(189, 164, 'D', 2, 'thuong', 'chưa đặt'),
(190, 164, 'D', 3, 'thuong', 'đã đặt'),
(191, 164, 'D', 4, 'thuong', 'chưa đặt'),
(192, 164, 'D', 5, 'thuong', 'chưa đặt'),
(193, 164, 'D', 6, 'thuong', 'chưa đặt'),
(194, 164, 'D', 7, 'thuong', 'chưa đặt'),
(195, 164, 'D', 8, 'thuong', 'đã đặt'),
(196, 164, 'D', 9, 'thuong', 'chưa đặt'),
(197, 164, 'D', 10, 'thuong', 'chưa đặt'),
(198, 164, 'D', 11, 'thuong', 'chưa đặt'),
(199, 164, 'D', 12, 'thuong', 'chưa đặt'),
(200, 164, 'E', 1, 'thuong', 'chưa đặt'),
(201, 164, 'E', 2, 'thuong', 'chưa đặt'),
(202, 164, 'E', 3, 'thuong', 'chưa đặt'),
(203, 164, 'E', 4, 'thuong', 'đã đặt'),
(204, 164, 'E', 5, 'thuong', 'chưa đặt'),
(205, 164, 'E', 6, 'thuong', 'chưa đặt'),
(206, 164, 'E', 7, 'thuong', 'chưa đặt'),
(207, 164, 'E', 8, 'thuong', 'đã đặt'),
(208, 164, 'E', 9, 'thuong', 'chưa đặt'),
(209, 164, 'E', 10, 'thuong', 'chưa đặt'),
(210, 164, 'E', 11, 'thuong', 'chưa đặt'),
(211, 164, 'E', 12, 'thuong', 'chưa đặt'),
(212, 164, 'F', 1, 'thuong', 'đã đặt'),
(213, 164, 'F', 2, 'thuong', 'chưa đặt'),
(214, 164, 'F', 3, 'thuong', 'chưa đặt'),
(215, 164, 'F', 4, 'thuong', 'chưa đặt'),
(216, 164, 'F', 5, 'thuong', 'chưa đặt'),
(217, 164, 'F', 6, 'thuong', 'đã đặt'),
(218, 164, 'F', 7, 'thuong', 'chưa đặt'),
(219, 164, 'F', 8, 'thuong', 'đã đặt'),
(220, 164, 'F', 9, 'thuong', 'chưa đặt'),
(221, 164, 'F', 10, 'thuong', 'chưa đặt'),
(222, 164, 'F', 11, 'thuong', 'chưa đặt'),
(223, 164, 'F', 12, 'thuong', 'chưa đặt'),
(224, 164, 'G', 1, 'thuong', 'chưa đặt'),
(225, 164, 'G', 2, 'thuong', 'chưa đặt'),
(226, 164, 'G', 3, 'thuong', 'chưa đặt'),
(227, 164, 'G', 4, 'thuong', 'chưa đặt'),
(228, 164, 'G', 5, 'thuong', 'đã đặt'),
(229, 164, 'G', 6, 'thuong', 'đã đặt'),
(230, 164, 'G', 7, 'thuong', 'đã đặt'),
(231, 164, 'G', 8, 'thuong', 'chưa đặt'),
(232, 164, 'G', 9, 'thuong', 'đã đặt'),
(233, 164, 'G', 10, 'thuong', 'đã đặt'),
(234, 164, 'G', 11, 'thuong', 'đã đặt'),
(235, 164, 'G', 12, 'thuong', 'chưa đặt'),
(236, 164, 'H', 1, 'thuong', 'đã đặt'),
(237, 164, 'H', 2, 'thuong', 'chưa đặt'),
(238, 164, 'H', 3, 'thuong', 'đã đặt'),
(239, 164, 'H', 4, 'thuong', 'chưa đặt'),
(240, 164, 'H', 5, 'thuong', 'đã đặt'),
(241, 164, 'H', 6, 'thuong', 'chưa đặt'),
(242, 164, 'H', 7, 'thuong', 'chưa đặt'),
(243, 164, 'H', 8, 'thuong', 'chưa đặt'),
(244, 164, 'H', 9, 'thuong', 'đã đặt'),
(245, 164, 'H', 10, 'thuong', 'đã đặt'),
(246, 164, 'H', 11, 'thuong', 'chưa đặt'),
(247, 164, 'H', 12, 'thuong', 'chưa đặt'),
(248, 164, 'I', 1, 'doi', 'đã đặt'),
(249, 164, 'I', 2, 'doi', 'chưa đặt'),
(250, 164, 'I', 3, 'doi', 'đã đặt'),
(251, 164, 'I', 4, 'doi', 'chưa đặt'),
(252, 164, 'I', 5, 'doi', 'đã đặt'),
(253, 164, 'I', 6, 'doi', 'chưa đặt'),
(254, 164, 'I', 7, 'doi', 'chưa đặt'),
(255, 164, 'I', 8, 'doi', 'chưa đặt'),
(256, 164, 'I', 9, 'doi', 'chưa đặt'),
(257, 164, 'I', 10, 'doi', 'chưa đặt'),
(258, 164, 'I', 11, 'doi', 'chưa đặt'),
(259, 164, 'I', 12, 'doi', 'chưa đặt'),
(260, 164, 'J', 1, 'doi', 'đã đặt'),
(261, 164, 'J', 2, 'doi', 'chưa đặt'),
(262, 164, 'J', 3, 'doi', 'chưa đặt'),
(263, 164, 'J', 4, 'doi', 'chưa đặt'),
(264, 164, 'J', 5, 'doi', 'đã đặt'),
(265, 164, 'J', 6, 'doi', 'chưa đặt'),
(266, 164, 'J', 7, 'doi', 'chưa đặt'),
(267, 164, 'J', 8, 'doi', 'chưa đặt'),
(268, 164, 'J', 9, 'doi', 'đã đặt'),
(269, 164, 'J', 10, 'doi', 'chưa đặt'),
(270, 164, 'J', 11, 'doi', 'đã đặt'),
(271, 164, 'J', 12, 'doi', 'chưa đặt');

-- --------------------------------------------------------

--
-- Cấu trúc bảng cho bảng `hoa_don`
--

CREATE TABLE `hoa_don` (
  `id` int(11) NOT NULL,
  `ngay_tt` datetime NOT NULL,
  `trang_thai` int(1) DEFAULT 0,
  `thanh_tien` int(10) NOT NULL
) ENGINE=InnoDB DEFAULT CHARSET=utf8mb4 COLLATE=utf8mb4_general_ci;

--
-- Đang đổ dữ liệu cho bảng `hoa_don`
--

INSERT INTO `hoa_don` (`id`, `ngay_tt`, `trang_thai`, `thanh_tien`) VALUES
(285, '2024-01-19 13:10:54', 0, 984000),
(286, '2024-01-19 13:16:06', 0, 599000),
(287, '2024-01-19 13:18:42', 0, 1059000),
(288, '2024-01-19 13:20:11', 0, 559000),
(289, '2024-01-19 13:25:59', 0, 200000),
(290, '2024-01-19 13:55:03', 0, 1259000),
(291, '2024-01-19 13:58:31', 0, 500000),
(292, '2024-01-19 14:01:09', 0, 859000),
(293, '2024-01-19 14:27:02', 0, 1584000),
(294, '2024-01-19 14:29:38', 0, 959000),
(295, '2024-01-19 16:29:29', 0, 1658000),
(296, '2024-01-19 16:36:18', 0, 1418000),
(297, '2024-01-19 17:11:43', 0, 500000),
(298, '2024-01-19 17:11:43', 0, 500000),
(299, '2024-01-19 17:14:02', 0, 200000),
(300, '2024-01-19 17:15:23', 0, 100000),
(301, '2024-01-19 17:18:36', 0, 400000),
(302, '2024-01-19 17:24:59', 0, 200000),
(303, '2024-01-19 17:25:00', 0, 200000),
(304, '2024-01-23 10:40:53', 0, 1259000),
(305, '2024-05-26 02:11:24', 0, 499000),
(306, '2024-05-26 02:13:08', 0, 499000),
(307, '2024-05-26 02:16:36', 0, 399000),
(308, '2024-05-26 02:17:28', 0, 399000),
(309, '2024-05-26 02:18:40', 0, 399000),
(310, '2024-05-26 02:19:16', 0, 399000),
(311, '2024-05-26 02:19:47', 0, 399000),
(312, '2024-05-26 02:22:12', 0, 399000),
(313, '2024-05-26 02:23:26', 0, 399000),
(314, '2024-05-26 10:46:50', 0, 200000),
(315, '2024-05-26 10:50:52', 0, 200000),
(316, '2024-05-26 10:54:25', 0, 200000),
(317, '2024-05-26 14:16:56', 0, 299000),
(318, '2024-05-26 14:43:59', 0, 200000),
(319, '2024-05-26 14:45:15', 0, 200000),
(320, '2024-05-26 14:45:32', 0, 200000),
(321, '2024-05-26 15:21:59', 0, 499000),
(322, '2024-05-26 15:23:38', 0, 399000),
(323, '2024-05-26 15:55:47', 0, 100000),
(324, '2024-05-26 16:02:24', 0, 419000),
(325, '2024-05-26 16:04:39', 0, 100000),
(326, '2024-05-26 16:06:06', 0, 300000),
(327, '2024-05-26 21:15:57', 0, 799000),
(328, '2024-05-26 21:21:30', 0, 100000),
(329, '2024-05-26 21:22:52', 0, 100000),
(330, '2024-05-26 21:26:06', 0, 499000),
(331, '2024-05-26 21:36:40', 0, 300000),
(332, '2024-05-26 21:40:43', 0, 300000),
(333, '2024-05-26 21:48:25', 0, 300000),
(334, '2024-05-26 21:59:12', 0, 200000),
(335, '2024-05-26 22:22:15', 0, 300000),
(336, '2024-05-26 22:24:15', 0, 300000),
(337, '2024-05-26 22:25:33', 0, 300000),
(338, '2024-05-26 22:33:05', 0, 300000),
(339, '2024-05-26 22:35:01', 0, 300000),
(340, '2024-05-26 22:35:34', 0, 300000),
(341, '2024-05-27 04:29:57', 0, 200000),
(342, '2024-05-27 04:32:28', 0, 200000),
(343, '2024-05-27 04:34:44', 0, 200000),
(344, '2024-05-27 04:36:15', 0, 200000),
(345, '2024-05-27 06:16:48', 0, 100000),
(346, '2024-05-27 06:45:56', 0, 300000),
(347, '2024-05-27 07:41:28', 0, 200000),
(348, '2024-05-27 14:15:39', 0, 200000),
(349, '2024-05-27 14:22:16', 0, 400000),
(350, '2024-05-27 15:39:28', 0, 200000),
(351, '2024-05-27 15:43:38', 0, 100000),
(352, '2024-05-27 16:45:42', 0, 399000),
(353, '2024-10-08 11:17:34', 0, 599000),
(354, '2024-10-08 11:21:13', 0, 699000),
(355, '2024-10-08 13:34:36', 0, 300000),
(356, '2024-10-08 17:04:50', 0, 399000),
(357, '2024-10-09 14:26:44', 0, 299000),
(358, '2024-11-08 19:25:47', 0, 599000),
(359, '2024-11-19 00:37:14', 0, 100000),
(360, '2024-11-21 17:26:42', 0, 499000),
(361, '2024-11-21 20:09:58', 0, 499000),
(362, '2024-11-21 23:12:13', 0, 499000),
(363, '2024-11-21 23:59:46', 0, 400000),
(364, '2024-11-22 00:04:13', 0, 400000),
(365, '2024-11-22 00:05:21', 0, 400000),
(366, '2024-11-22 00:05:25', 0, 400000),
(367, '2024-11-22 00:08:27', 0, 400000),
(368, '2024-11-22 00:17:53', 0, 800000),
(369, '2024-11-22 00:19:13', 0, 800000),
(370, '2024-11-22 00:22:29', 0, 800000),
(371, '2024-11-22 00:23:07', 0, 100000),
(372, '2024-11-22 00:23:22', 0, 100000),
(373, '2024-11-22 00:26:05', 0, 100000),
(374, '2024-11-22 00:26:20', 0, 500000),
(375, '2024-11-22 00:41:31', 0, 400000),
(376, '2024-11-22 01:05:55', 0, 400000),
(377, '2024-11-22 01:07:06', 0, 400000),
(378, '2024-11-22 01:07:10', 0, 400000),
(379, '2024-11-22 01:07:30', 0, 400000),
(380, '2024-11-22 01:07:42', 0, 400000),
(381, '2024-11-22 01:31:08', 0, 400000),
(382, '2024-11-22 01:32:20', 0, 400000),
(383, '2024-11-22 01:35:30', 0, 355000),
(384, '2024-11-22 01:41:15', 0, 355000),
(385, '2024-11-22 01:42:02', 0, 355000),
(386, '2024-11-22 01:43:38', 0, 355000),
(387, '2024-11-22 01:43:39', 0, 355000),
(388, '2024-11-22 01:43:41', 0, 355000),
(389, '2024-11-22 01:43:49', 0, 355000),
(390, '2024-11-22 01:44:05', 0, 355000),
(391, '2024-11-22 01:45:33', 0, 355000),
(392, '2024-11-22 01:45:35', 0, 355000),
(393, '2024-11-22 01:45:49', 0, 355000),
(394, '2024-11-22 01:47:00', 0, 355000),
(395, '2024-11-22 01:47:10', 0, 355000),
(396, '2024-11-22 01:47:36', 0, 355000),
(397, '2024-11-22 01:47:38', 0, 355000),
(398, '2024-11-22 01:48:09', 0, 499000),
(399, '2024-11-22 01:48:36', 0, 0),
(400, '2024-11-22 01:48:49', 0, 0),
(401, '2024-11-22 01:48:50', 0, 0),
(402, '2024-11-22 01:49:13', 0, 355000),
(403, '2024-11-22 01:49:23', 0, 355000),
(404, '2024-11-22 01:50:31', 0, 355000),
(405, '2024-11-22 01:50:43', 0, 355000),
(406, '2024-11-22 01:51:05', 0, 355000),
(407, '2024-11-22 01:52:54', 0, 355000),
(408, '2024-11-22 01:53:02', 0, 355000),
(409, '2024-11-22 01:53:10', 0, 355000),
(410, '2024-11-22 01:56:26', 0, 355000),
(411, '2024-11-22 01:58:00', 0, 355000),
(412, '2024-11-22 01:59:12', 0, 355000),
(413, '2024-11-22 02:01:43', 0, 355000),
(414, '2024-11-22 11:03:31', 0, 55000),
(415, '2024-11-22 14:48:18', 0, 455000),
(416, '2024-11-22 15:00:43', 0, 500000),
(417, '2024-11-22 15:12:20', 0, 100000),
(418, '2024-11-22 15:17:56', 0, 400000),
(419, '2024-11-22 18:28:51', 0, 755000),
(420, '2024-11-22 19:15:30', 0, 455000),
(421, '2024-12-01 17:13:13', 0, 100000),
(422, '2024-12-01 17:15:33', 0, 100000),
(423, '2024-12-01 17:15:48', 0, 100000),
(424, '2024-12-01 17:16:25', 0, 100000),
(425, '2024-12-01 17:16:39', 0, 100000),
(426, '2024-12-01 17:16:47', 0, 100000),
(427, '2024-12-01 17:19:33', 0, 100000),
(428, '2024-12-01 17:19:43', 0, 100000),
(429, '2024-12-01 17:19:45', 0, 100000),
(430, '2024-12-01 17:20:08', 0, 100000),
(431, '2024-12-01 17:20:17', 0, 100000),
(432, '2024-12-01 17:20:28', 0, 100000),
(433, '2024-12-01 17:23:14', 0, 100000),
(434, '2024-12-01 17:46:06', 0, 400000),
(435, '2024-12-01 17:46:50', 0, 400000),
(436, '2024-12-01 17:47:08', 0, 400000),
(437, '2024-12-01 17:47:29', 0, 400000),
(438, '2024-12-01 17:47:59', 0, 400000),
(439, '2024-12-01 17:49:18', 0, 400000),
(440, '2024-12-01 17:50:06', 0, 400000),
(441, '2024-12-01 17:50:19', 0, 400000),
(442, '2024-12-01 17:50:42', 0, 400000),
(443, '2024-12-01 17:51:26', 0, 400000),
(444, '2024-12-01 17:51:30', 0, 400000),
(445, '2024-12-01 17:51:53', 0, 400000),
(446, '2024-12-01 17:52:30', 0, 400000),
(447, '2024-12-01 17:52:56', 0, 400000),
(448, '2024-12-01 17:53:02', 0, 400000),
(449, '2024-12-01 17:53:18', 0, 400000),
(450, '2024-12-01 17:53:37', 0, 400000),
(451, '2024-12-01 17:54:10', 0, 400000),
(452, '2024-12-01 17:54:59', 0, 400000),
(453, '2024-12-01 17:55:09', 0, 400000),
(454, '2024-12-01 17:55:20', 0, 400000),
(455, '2024-12-01 17:57:01', 0, 400000),
(456, '2024-12-01 17:57:14', 0, 400000),
(457, '2024-12-01 17:57:41', 0, 400000),
(458, '2024-12-01 17:57:42', 0, 400000),
(459, '2024-12-01 17:57:58', 0, 400000),
(460, '2024-12-01 17:58:08', 0, 400000),
(461, '2024-12-01 17:58:10', 0, 400000),
(462, '2024-12-01 17:58:11', 0, 400000),
(463, '2024-12-01 18:00:17', 0, 400000),
(464, '2024-12-01 18:00:21', 0, 400000),
(465, '2024-12-01 18:00:50', 0, 400000),
(466, '2024-12-02 00:21:43', 0, 350000),
(467, '0000-00-00 00:00:00', 0, 299000),
(468, '2024-12-02 02:31:05', 0, 100000),
(469, '2024-12-02 02:33:27', 1, 100000),
(470, '2024-12-02 02:39:18', 1, 400000),
(471, '2024-12-02 02:43:48', 0, 400000),
(472, '2024-12-02 03:07:50', 0, 100000),
(473, '2024-12-02 03:08:09', 0, 100000),
(474, '2024-12-02 03:11:43', 0, 130000),
(475, '2024-12-02 03:27:35', 1, 389000),
(476, '2024-12-02 04:00:41', 1, 659000),
(477, '2024-12-02 04:31:32', 1, 319000),
(478, '2024-12-02 06:01:00', 1, 335000),
(479, '2024-12-02 06:09:16', 1, 265000),
(480, '2024-12-02 06:27:18', 1, 739000),
(481, '2024-12-02 17:08:30', 1, 259000),
(482, '2024-12-02 18:44:02', 1, 619000),
(483, '2024-12-04 04:13:58', 0, 559000),
(484, '2024-12-04 06:22:20', 1, 400000),
(485, '2024-12-04 12:01:08', 1, 549000),
(486, '2024-12-04 15:09:08', 0, 750000),
(487, '2024-12-04 15:23:29', 0, 949000),
(488, '2024-12-04 15:59:20', 1, 1148000),
(489, '2024-12-04 16:20:29', 1, 1148000),
(490, '2024-12-04 16:31:33', 1, 1148000),
(491, '2024-12-04 16:42:55', 1, 400000),
(492, '2024-12-04 16:45:10', 1, 400000),
(493, '2024-12-04 16:52:48', 1, 168000),
(494, '2024-12-04 16:56:41', 1, 168000),
(495, '2024-12-04 17:00:59', 1, 580000),
(496, '2024-12-04 11:04:38', 1, 580000),
(497, '2024-12-04 17:13:29', 1, 409000),
(498, '2024-12-04 17:40:30', 1, 659000),
(499, '2024-12-04 17:44:58', 1, 599000),
(500, '2024-12-04 17:49:00', 1, 599000),
(501, '2024-12-05 03:15:41', 1, 549000),
(502, '2024-12-05 03:19:02', 1, 549000),
(503, '2024-12-05 03:27:19', 1, 549000),
(504, '2024-12-05 03:51:44', 1, 569000),
(505, '2024-12-05 04:05:18', 1, 549000),
(506, '2024-12-05 04:10:36', 1, 569000),
(507, '2024-12-05 04:15:43', 1, 649000),
(508, '2024-12-05 04:20:44', 1, 1009000),
(509, '2024-12-05 04:27:42', 1, 699000),
(510, '2024-12-05 04:29:41', 1, 335000),
(511, '2024-12-05 04:31:27', 1, 209000),
(512, '2024-12-05 04:33:54', 1, 200000),
(513, '2024-12-05 04:37:17', 1, 200000),
(514, '2024-12-05 04:42:45', 1, 369000),
(515, '2024-12-05 04:46:44', 1, 459000),
(516, '2024-12-05 04:49:50', 0, 400000),
(517, '2024-12-05 04:51:25', 0, 400000),
(518, '2024-12-05 04:52:54', 1, 400000),
(519, '2024-12-05 04:55:51', 0, 400000),
(520, '2024-12-05 04:56:59', 1, 600000),
(521, '2024-12-05 04:58:31', 0, 2400000),
(522, '2024-12-05 04:59:57', 0, 2400000),
(523, '2024-12-05 05:01:48', 0, 2400000),
(524, '2024-12-05 05:04:27', 0, 2400000),
(525, '2024-12-05 05:06:54', 1, 2400000),
(526, '2024-12-05 05:09:23', 1, 800000),
(527, '2024-12-05 05:11:16', 1, 800000),
(528, '2024-12-05 05:14:44', 1, 800000),
(529, '2024-12-05 05:18:04', 1, 800000),
(530, '2024-12-05 05:18:04', 1, 800000),
(531, '2024-12-05 05:21:06', 1, 800000),
(532, '2024-12-05 05:23:57', 0, 999000),
(533, '2024-12-05 05:35:22', 0, 999000),
(534, '2024-12-05 16:04:10', 1, 369000),
(535, '2024-12-05 16:07:24', 0, 800000),
(536, '2024-12-05 16:17:36', 0, 800000),
(537, '2024-12-05 16:18:59', 0, 800000),
(538, '2024-12-05 16:19:36', 0, 800000),
(539, '2024-12-05 16:20:21', 0, 1059000),
(540, '2024-12-05 16:21:16', 0, 1059000),
(541, '2024-12-05 17:09:42', 0, 1059000),
(542, '2024-12-05 17:16:20', 0, 1059000),
(543, '2024-12-05 17:19:53', 0, 1059000),
(544, '2024-12-05 17:30:25', 0, 1059000),
(545, '2024-12-05 17:32:21', 0, 1059000),
(546, '2024-12-05 17:45:33', 1, 200000),
(547, '2024-12-05 17:47:44', 1, 399000),
(548, '2024-12-05 17:53:36', 0, 800000),
(549, '2024-12-08 06:18:59', 0, 200000),
(550, '2024-12-08 06:26:41', 0, 200000),
(551, '2024-12-08 06:28:56', 0, 399000),
(552, '2024-12-08 06:31:38', 0, 419000),
(553, '2024-12-08 06:35:11', 0, 419000),
(554, '2024-12-08 15:29:50', 0, 200000),
(555, '2024-12-08 15:37:56', 0, 200000),
(556, '2024-12-08 15:38:27', 0, 200000),
(557, '2024-12-08 15:48:21', 0, 400000),
(558, '2024-12-08 15:57:42', 1, 400000),
(559, '2024-12-08 16:00:22', 0, 325000),
(560, '2024-12-08 23:12:18', 0, 499000),
(561, '2024-12-08 23:20:24', 0, 519000),
(562, '2024-12-09 01:38:04', 0, 649000),
(563, '2024-12-09 01:43:14', 1, 475000),
(564, '2024-12-09 01:56:39', 1, 275000),
(565, '2024-12-09 02:06:27', 0, 300000),
(566, '2024-12-09 02:08:48', 1, 300000),
(567, '2024-12-09 02:11:21', 1, 325000),
(568, '2024-12-09 02:17:15', 1, 469000),
(569, '2024-12-09 02:22:05', 0, 150000),
(570, '2024-12-09 02:23:59', 1, 150000),
(571, '2024-12-09 02:27:03', 1, 535000),
(572, '2024-12-09 03:21:13', 1, 200000),
(573, '2024-12-09 03:22:54', 1, 399000),
(574, '2024-12-09 03:28:22', 1, 200000),
(575, '2024-12-09 03:34:48', 1, 250000),
(576, '2024-12-09 03:38:15', 1, 200000),
(577, '2024-12-09 03:41:06', 1, 300000),
(578, '2024-12-09 03:46:35', 1, 200000),
(579, '2024-12-09 03:51:18', 1, 200000),
(580, '2024-12-09 03:54:30', 1, 200000),
(581, '2024-12-09 03:59:43', 1, 200000),
(582, '2024-12-09 04:01:01', 1, 399000),
(583, '2024-12-09 04:13:57', 1, 950000),
(584, '2024-12-09 04:18:52', 1, 1069000),
(585, '2024-12-09 04:29:22', 1, 784000),
(586, '2024-12-09 10:57:50', 1, 425000),
(587, '2024-12-11 00:21:45', 1, 734000),
(588, '2024-12-11 00:25:27', 1, 409000),
(589, '2024-12-11 00:27:47', 1, 300000),
(590, '2024-12-11 00:29:18', 1, 200000),
(591, '2024-12-11 01:35:41', 1, 399000),
(592, '2024-12-11 02:46:51', 1, 359000);

-- --------------------------------------------------------

--
-- Cấu trúc bảng cho bảng `khung_gio_chieu`
--

CREATE TABLE `khung_gio_chieu` (
  `id` int(11) NOT NULL,
  `id_lich_chieu` int(11) NOT NULL,
  `id_phong` int(11) NOT NULL,
  `thoi_gian_chieu` time NOT NULL
) ENGINE=InnoDB DEFAULT CHARSET=utf8mb4 COLLATE=utf8mb4_general_ci;

--
-- Đang đổ dữ liệu cho bảng `khung_gio_chieu`
--

INSERT INTO `khung_gio_chieu` (`id`, `id_lich_chieu`, `id_phong`, `thoi_gian_chieu`) VALUES
(163, 135, 35, '21:36:00'),
(164, 127, 37, '09:15:00');

-- --------------------------------------------------------

--
-- Cấu trúc bảng cho bảng `khuyen_mai`
--

CREATE TABLE `khuyen_mai` (
  `id` int(11) NOT NULL,
  `ten_km` varchar(255) DEFAULT NULL,
  `gia_tri` int(11) DEFAULT NULL,
  `ngay_ket_thuc` date DEFAULT NULL,
  `mota` varchar(255) DEFAULT NULL
) ENGINE=InnoDB DEFAULT CHARSET=utf8mb4 COLLATE=utf8mb4_general_ci;

--
-- Đang đổ dữ liệu cho bảng `khuyen_mai`
--

INSERT INTO `khuyen_mai` (`id`, `ten_km`, `gia_tri`, `ngay_ket_thuc`, `mota`) VALUES
(18, 'Km tháng 12', 50, '2024-12-21', 'Nhanh tay đặt ngay');

-- --------------------------------------------------------

--
-- Cấu trúc bảng cho bảng `lichchieu`
--

CREATE TABLE `lichchieu` (
  `id` int(11) NOT NULL,
  `id_phim` int(11) NOT NULL,
  `rap_id` int(11) NOT NULL,
  `ngay_chieu` date NOT NULL DEFAULT current_timestamp()
) ENGINE=InnoDB DEFAULT CHARSET=utf8mb4 COLLATE=utf8mb4_general_ci;

--
-- Đang đổ dữ liệu cho bảng `lichchieu`
--

INSERT INTO `lichchieu` (`id`, `id_phim`, `rap_id`, `ngay_chieu`) VALUES
(50, 7, 3, '2024-11-17'),
(51, 6, 2, '2024-11-22'),
(52, 5, 1, '2024-06-06'),
(53, 4, 1, '2024-06-07'),
(54, 16, 1, '2024-05-26'),
(55, 16, 1, '2024-05-27'),
(56, 16, 1, '2024-05-29'),
(57, 15, 1, '2024-05-30'),
(58, 15, 1, '2024-05-31'),
(60, 15, 1, '2024-05-31'),
(61, 15, 1, '2024-05-31'),
(62, 14, 1, '2024-05-31'),
(63, 14, 1, '2024-06-01'),
(64, 13, 1, '2024-06-08'),
(65, 13, 1, '2024-05-29'),
(66, 13, 1, '2024-06-09'),
(67, 12, 1, '2024-05-27'),
(68, 12, 1, '2024-06-05'),
(69, 11, 1, '2024-06-12'),
(70, 11, 1, '2024-06-13'),
(71, 12, 1, '2024-05-30'),
(72, 12, 1, '2024-05-29'),
(73, 16, 1, '2024-05-30'),
(74, 19, 1, '2024-10-08'),
(75, 19, 1, '2024-10-09'),
(76, 18, 1, '2024-10-08'),
(77, 18, 1, '2024-10-09'),
(78, 17, 1, '2024-10-08'),
(79, 17, 1, '2024-10-09'),
(80, 16, 1, '2024-10-08'),
(81, 16, 1, '2024-10-10'),
(82, 15, 1, '2024-10-08'),
(83, 15, 1, '2024-10-10'),
(84, 14, 1, '2024-10-10'),
(85, 14, 1, '2024-10-09'),
(86, 13, 1, '2024-10-09'),
(87, 13, 1, '2024-10-15'),
(88, 12, 1, '2024-10-09'),
(89, 12, 1, '2024-10-10'),
(90, 11, 1, '2024-10-30'),
(91, 11, 1, '2024-10-12'),
(92, 9, 1, '2024-10-12'),
(93, 9, 1, '2024-10-09'),
(94, 10, 1, '2024-10-09'),
(95, 10, 1, '2024-10-10'),
(96, 8, 1, '2024-10-08'),
(97, 8, 1, '2024-10-11'),
(98, 7, 1, '2024-10-10'),
(99, 7, 1, '2024-10-13'),
(100, 6, 1, '2024-10-22'),
(101, 6, 1, '2024-10-16'),
(102, 5, 1, '2024-10-10'),
(103, 5, 1, '2024-10-14'),
(104, 4, 1, '2024-10-09'),
(105, 4, 1, '2024-10-11'),
(106, 19, 3, '2024-11-09'),
(107, 19, 1, '2024-11-14'),
(108, 19, 2, '2024-11-17'),
(109, 7, 1, '2024-11-22'),
(110, 18, 5, '2024-11-16'),
(111, 8, 4, '2024-11-17'),
(112, 8, 4, '2024-11-18'),
(113, 19, 1, '2024-11-18'),
(114, 20, 1, '2024-11-18'),
(115, 20, 1, '2024-11-19'),
(116, 20, 2, '2024-11-20'),
(117, 20, 1, '2024-11-20'),
(118, 20, 1, '2024-11-21'),
(120, 10, 3, '2024-11-22'),
(121, 20, 2, '2024-11-23'),
(122, 20, 1, '2024-11-22'),
(123, 20, 2, '2024-11-22'),
(124, 20, 1, '2024-12-01'),
(125, 20, 1, '2024-12-02'),
(126, 20, 2, '2024-12-02'),
(127, 17, 2, '2024-12-13'),
(128, 20, 3, '2024-12-06'),
(129, 20, 3, '2024-12-07'),
(130, 20, 3, '2024-12-05'),
(131, 20, 4, '2024-12-05'),
(132, 20, 4, '2024-12-07'),
(133, 20, 4, '2024-12-06'),
(134, 17, 5, '2024-12-05'),
(135, 7, 1, '2024-12-18');

-- --------------------------------------------------------

--
-- Cấu trúc bảng cho bảng `lichlamviec`
--

CREATE TABLE `lichlamviec` (
  `id` int(11) NOT NULL,
  `id_taikhoan` int(11) DEFAULT NULL,
  `id_rap` int(11) DEFAULT NULL,
  `ngay_lam_viec` date DEFAULT NULL,
  `ca_lam_viec` varchar(255) DEFAULT NULL,
  `ten_cong_viec` varchar(255) DEFAULT NULL,
  `ten_nhanvien` varchar(255) DEFAULT NULL,
  `trang_thai_cham_cong` enum('chưa chấm công','đúng giờ','đi trễ','vắng') DEFAULT 'chưa chấm công'
) ENGINE=InnoDB DEFAULT CHARSET=utf8mb4 COLLATE=utf8mb4_general_ci;

--
-- Đang đổ dữ liệu cho bảng `lichlamviec`
--

INSERT INTO `lichlamviec` (`id`, `id_taikhoan`, `id_rap`, `ngay_lam_viec`, `ca_lam_viec`, `ten_cong_viec`, `ten_nhanvien`, `trang_thai_cham_cong`) VALUES
(9, NULL, 1, '2024-11-23', 'Ca 4 (20:00 - 24:00)', 'Nhân viên phục vụ đồ ăn và thức uống', 'ngọc vân', 'chưa chấm công'),
(12, NULL, 2, '2024-11-22', 'Ca 2 (12:00 - 16:00)', 'Nhân viên phòng chiếu', 'tiến', 'đúng giờ'),
(13, NULL, 1, '2024-11-12', 'Ca 2 (12:00 - 16:00)', 'Nhân viên phục vụ đồ ăn và thức uống', 'van van', 'đi trễ'),
(15, NULL, 5, '2024-11-09', 'Ca 1 (8:00-12:00)', 'Nhân viên phòng chiếu', 'tiến', 'chưa chấm công'),
(16, NULL, 5, '2024-11-09', 'Ca 2 (12:00-16:00)', 'Nhân viên phòng chiếu', 'tiến', 'chưa chấm công'),
(17, NULL, 5, '2024-11-12', 'Ca 1 (8:00-12:00)', 'Nhân viên phòng chiếu', 'tiến', 'chưa chấm công'),
(18, NULL, 5, '2024-11-16', 'Ca 1 (8:00-12:00)', 'Nhân viên phòng chiếu', 'tiến', 'chưa chấm công'),
(19, NULL, 5, '2024-11-16', 'Ca 2 (12:00-16:00)', 'Nhân viên phòng chiếu', 'tiến', 'chưa chấm công'),
(20, NULL, 5, '2024-11-19', 'Ca 1 (8:00-12:00)', 'Nhân viên phòng chiếu', 'tiến', 'chưa chấm công'),
(21, NULL, 5, '2024-11-23', 'Ca 1 (8:00-12:00)', 'Nhân viên phòng chiếu', 'tiến', 'chưa chấm công'),
(22, NULL, 5, '2024-11-23', 'Ca 2 (12:00-16:00)', 'Nhân viên phòng chiếu', 'tiến', 'chưa chấm công'),
(24, NULL, 5, '2024-11-10', 'Ca 1 (8:00-12:00)', 'Nhân viên phòng chiếu', 'ngọc vân', 'chưa chấm công'),
(25, NULL, 5, '2024-11-11', 'Ca 1 (8:00-12:00)', 'Nhân viên phòng chiếu', 'ngọc vân', 'chưa chấm công'),
(26, NULL, 5, '2024-11-13', 'Ca 2 (12:00-16:00)', 'Nhân viên phòng chiếu', 'ngọc vân', 'chưa chấm công'),
(27, NULL, 5, '2024-11-14', 'Ca 2 (12:00-16:00)', 'Nhân viên phòng chiếu', 'ngọc vân', 'chưa chấm công'),
(38, NULL, 3, '2024-11-27', 'Ca 1 (8:00-12:00)', 'Nhân viên bảo vệ', 'Tuấn', 'chưa chấm công'),
(39, NULL, 3, '2024-11-28', 'Ca 2 (12:00-16:00)', 'Nhân viên bảo vệ', 'Tuấn', 'vắng'),
(40, NULL, 4, '2024-11-27', 'Ca 1 (8:00-12:00)', 'Nhân viên phòng chiếu', 'Hoangg', 'chưa chấm công'),
(42, NULL, 4, '2024-11-29', 'Ca 3 (16:00-20:00)', 'Nhân viên phòng chiếu', 'Hoangg', 'đi trễ'),
(43, NULL, 4, '2024-11-30', 'Ca 4 (20:00-24:00)', 'Nhân viên phòng chiếu', 'Hoangg', 'chưa chấm công'),
(105, NULL, 5, '2024-12-04', 'Ca 1 (8:00-12:00)', 'Nhân viên bảo vệ', 'Mỹ Yên', 'chưa chấm công'),
(106, NULL, 5, '2024-12-04', 'Ca 3 (16:00-20:00)', 'Nhân viên bảo vệ', 'Mỹ Yên', 'chưa chấm công'),
(107, NULL, 5, '2024-12-03', 'Ca 2 (12:00-16:00)', 'Nhân viên bảo vệ', 'Mỹ Yên', 'chưa chấm công'),
(166, NULL, 3, '2024-11-27', 'Ca 2 (12:00-16:00)', 'Nhân viên phòng chiếu', 'Tôn', 'đi trễ'),
(167, NULL, 3, '2024-11-27', 'Ca 3 (16:00-20:00)', 'Nhân viên phòng chiếu', 'Tôn', 'chưa chấm công'),
(168, NULL, 3, '2024-11-27', 'Ca 4 (20:00-24:00)', 'Nhân viên phòng chiếu', 'Tôn', 'chưa chấm công'),
(174, NULL, 3, '2024-12-02', 'Ca 3 (16:00-20:00)', 'Nhân viên phòng chiếu', 'Tôn', 'chưa chấm công'),
(343, NULL, 5, '2024-12-01', 'Ca 1 (8:00-12:00)', 'Nhân viên bán vé', 'Minh', 'chưa chấm công'),
(344, NULL, 5, '2024-12-01', 'Ca 2 (12:00-16:00)', 'Nhân viên bán vé', 'Minh', 'chưa chấm công'),
(345, NULL, 5, '2024-12-01', 'Ca 3 (16:00-20:00)', 'Nhân viên bán vé', 'Minh', 'chưa chấm công'),
(346, NULL, 5, '2024-12-01', 'Ca 4 (20:00-24:00)', 'Nhân viên bán vé', 'Minh', 'chưa chấm công'),
(347, NULL, 5, '2024-12-02', 'Ca 2 (12:00-16:00)', 'Nhân viên bán vé', 'Minh', 'chưa chấm công'),
(348, 8, 1, '2024-11-01', 'Full time', 'Quản lý lịch chiếu', NULL, 'đi trễ'),
(349, 8, 1, '2024-11-02', 'Full time', 'Quản lý lịch chiếu', NULL, 'chưa chấm công'),
(350, 8, 1, '2024-11-03', 'Full time', 'Quản lý lịch chiếu', NULL, 'chưa chấm công'),
(351, 8, 1, '2024-11-04', 'Full time', 'Quản lý lịch chiếu', NULL, 'chưa chấm công'),
(352, 8, 1, '2024-11-05', 'Full time', 'Quản lý lịch chiếu', NULL, 'chưa chấm công'),
(353, 8, 1, '2024-11-06', 'Full time', 'Quản lý lịch chiếu', NULL, 'đi trễ'),
(354, 8, 1, '2024-11-07', 'Full time', 'Quản lý lịch chiếu', NULL, 'chưa chấm công'),
(355, 8, 1, '2024-11-08', 'Full time', 'Quản lý lịch chiếu', NULL, 'chưa chấm công'),
(356, 8, 1, '2024-11-09', 'Full time', 'Quản lý lịch chiếu', NULL, 'chưa chấm công'),
(357, 8, 1, '2024-11-10', 'Full time', 'Quản lý lịch chiếu', NULL, 'chưa chấm công'),
(358, 8, 1, '2024-11-11', 'Full time', 'Quản lý lịch chiếu', NULL, 'chưa chấm công'),
(359, 8, 1, '2024-11-12', 'Full time', 'Quản lý lịch chiếu', NULL, 'chưa chấm công'),
(360, 8, 1, '2024-11-13', 'Full time', 'Quản lý lịch chiếu', NULL, 'chưa chấm công'),
(361, 8, 1, '2024-11-14', 'Full time', 'Quản lý lịch chiếu', NULL, 'chưa chấm công'),
(362, 8, 1, '2024-11-15', 'Full time', 'Quản lý lịch chiếu', NULL, 'chưa chấm công'),
(363, 8, 1, '2024-11-16', 'Full time', 'Quản lý lịch chiếu', NULL, 'chưa chấm công'),
(364, 8, 1, '2024-11-17', 'Full time', 'Quản lý lịch chiếu', NULL, 'chưa chấm công'),
(365, 8, 1, '2024-11-18', 'Full time', 'Quản lý lịch chiếu', NULL, 'chưa chấm công'),
(366, 8, 1, '2024-11-19', 'Full time', 'Quản lý lịch chiếu', NULL, 'chưa chấm công'),
(367, 8, 1, '2024-11-20', 'Full time', 'Quản lý lịch chiếu', NULL, 'chưa chấm công'),
(368, 8, 1, '2024-11-21', 'Full time', 'Quản lý lịch chiếu', NULL, 'chưa chấm công'),
(369, 8, 1, '2024-11-22', 'Full time', 'Quản lý lịch chiếu', NULL, 'chưa chấm công'),
(370, 8, 1, '2024-11-23', 'Full time', 'Quản lý lịch chiếu', NULL, 'chưa chấm công'),
(371, 8, 1, '2024-11-24', 'Full time', 'Quản lý lịch chiếu', NULL, 'chưa chấm công'),
(372, 8, 1, '2024-11-25', 'Full time', 'Quản lý lịch chiếu', NULL, 'chưa chấm công'),
(373, 8, 1, '2024-11-26', 'Full time', 'Quản lý lịch chiếu', NULL, 'chưa chấm công'),
(420, 8, 1, '2024-12-04', 'Full time', 'Quản lý lịch chiếu', NULL, 'đi trễ'),
(421, 8, 1, '2024-12-05', 'Full time', 'Quản lý lịch chiếu', NULL, 'chưa chấm công'),
(422, 8, 1, '2024-12-06', 'Full time', 'Quản lý lịch chiếu', NULL, 'chưa chấm công'),
(424, NULL, 3, '2024-11-30', 'Ca 2 (12:00-16:00)', 'Nhân viên phòng chiếu', 'Tôn', 'đi trễ'),
(426, NULL, 3, '2024-11-30', 'Ca 4 (20:00-24:00)', 'Nhân viên phòng chiếu', 'Tôn', 'chưa chấm công'),
(429, NULL, 3, '2024-12-05', 'Ca 2 (12:00-16:00)', 'Nhân viên phòng chiếu', 'Tôn', 'chưa chấm công'),
(430, NULL, 3, '2024-12-04', 'Ca 3 (16:00-20:00)', 'Nhân viên phòng chiếu', 'Tôn', 'chưa chấm công'),
(431, NULL, 3, '2024-12-02', 'Ca 4 (20:00-24:00)', 'Nhân viên phòng chiếu', 'Tôn', 'chưa chấm công'),
(439, NULL, 3, '2024-12-05', 'Ca 4 (20:00-24:00)', 'Nhân viên phòng chiếu', 'Tôn', 'chưa chấm công'),
(440, NULL, 3, '2024-12-04', 'Ca 4 (20:00-24:00)', 'Nhân viên phòng chiếu', 'Tôn', 'chưa chấm công'),
(442, NULL, 3, '2024-11-29', 'Ca 2 (12:00-16:00)', 'Nhân viên phòng chiếu', 'Tôn', 'đúng giờ'),
(443, NULL, 3, '2024-11-29', 'Ca 3 (16:00-20:00)', 'Nhân viên phòng chiếu', 'Tôn', 'chưa chấm công'),
(444, NULL, 3, '2024-12-02', 'Ca 1 (8:00-12:00)', 'Nhân viên phòng chiếu', 'Tôn', 'chưa chấm công'),
(445, NULL, 3, '2024-12-02', 'Ca 2 (12:00-16:00)', 'Nhân viên phòng chiếu', 'Tôn', 'chưa chấm công'),
(446, NULL, 3, '2024-12-03', 'Ca 2 (12:00-16:00)', 'Nhân viên phòng chiếu', 'Tôn', 'chưa chấm công'),
(447, NULL, 3, '2024-12-03', 'Ca 4 (20:00-24:00)', 'Nhân viên phòng chiếu', 'Tôn', 'chưa chấm công'),
(448, NULL, 3, '2024-11-30', 'Ca 3 (16:00-20:00)', 'Nhân viên phòng chiếu', 'Tôn', 'chưa chấm công'),
(449, 8, 1, '2024-11-29', 'Full time', 'Quản lý lịch chiếu', NULL, 'đi trễ'),
(450, 8, 1, '2024-11-30', 'Full time', 'Quản lý lịch chiếu', NULL, 'đúng giờ'),
(451, NULL, 5, '2024-11-29', 'Ca 1 (8:00-12:00)', 'Nhân viên phòng chiếu', 'tiến', 'chưa chấm công'),
(452, NULL, 5, '2024-12-05', 'Ca 1 (8:00-12:00)', 'Nhân viên phòng chiếu', 'tiến', 'chưa chấm công'),
(453, NULL, 5, '2024-11-30', 'Ca 2 (12:00-16:00)', 'Nhân viên phòng chiếu', 'tiến', 'đúng giờ'),
(454, NULL, 5, '2024-12-04', 'Ca 2 (12:00-16:00)', 'Nhân viên phòng chiếu', 'tiến', 'chưa chấm công'),
(455, NULL, 5, '2024-12-01', 'Ca 3 (16:00-20:00)', 'Nhân viên phòng chiếu', 'tiến', 'chưa chấm công'),
(456, NULL, 5, '2024-12-03', 'Ca 3 (16:00-20:00)', 'Nhân viên phòng chiếu', 'tiến', 'chưa chấm công'),
(457, NULL, 5, '2024-12-02', 'Ca 4 (20:00-24:00)', 'Nhân viên phòng chiếu', 'tiến', 'chưa chấm công'),
(458, 11, 3, '2024-11-01', 'Full time', 'Quản lý khuyến mãi', NULL, 'chưa chấm công'),
(459, 11, 3, '2024-11-02', 'Full time', 'Quản lý khuyến mãi', NULL, 'chưa chấm công'),
(460, 11, 3, '2024-11-03', 'Full time', 'Quản lý khuyến mãi', NULL, 'chưa chấm công'),
(461, 11, 3, '2024-11-04', 'Full time', 'Quản lý khuyến mãi', NULL, 'đi trễ'),
(462, 11, 3, '2024-11-05', 'Full time', 'Quản lý khuyến mãi', NULL, 'đúng giờ'),
(463, 11, 3, '2024-11-06', 'Full time', 'Quản lý khuyến mãi', NULL, 'chưa chấm công'),
(464, 11, 3, '2024-11-07', 'Full time', 'Quản lý khuyến mãi', NULL, 'chưa chấm công'),
(465, 11, 3, '2024-11-08', 'Full time', 'Quản lý khuyến mãi', NULL, 'chưa chấm công'),
(466, 11, 3, '2024-11-09', 'Full time', 'Quản lý khuyến mãi', NULL, 'chưa chấm công'),
(467, 11, 3, '2024-11-10', 'Full time', 'Quản lý khuyến mãi', NULL, 'chưa chấm công'),
(468, 11, 3, '2024-11-11', 'Full time', 'Quản lý khuyến mãi', NULL, 'chưa chấm công'),
(469, 11, 3, '2024-11-12', 'Full time', 'Quản lý khuyến mãi', NULL, 'chưa chấm công'),
(470, 11, 3, '2024-11-13', 'Full time', 'Quản lý khuyến mãi', NULL, 'chưa chấm công'),
(471, 11, 3, '2024-11-14', 'Full time', 'Quản lý khuyến mãi', NULL, 'chưa chấm công'),
(472, 11, 3, '2024-11-15', 'Full time', 'Quản lý khuyến mãi', NULL, 'chưa chấm công'),
(473, 11, 3, '2024-11-16', 'Full time', 'Quản lý khuyến mãi', NULL, 'chưa chấm công'),
(474, 11, 3, '2024-11-17', 'Full time', 'Quản lý khuyến mãi', NULL, 'chưa chấm công'),
(475, 11, 3, '2024-11-18', 'Full time', 'Quản lý khuyến mãi', NULL, 'chưa chấm công'),
(476, 11, 3, '2024-11-19', 'Full time', 'Quản lý khuyến mãi', NULL, 'chưa chấm công'),
(477, 11, 3, '2024-11-20', 'Full time', 'Quản lý khuyến mãi', NULL, 'chưa chấm công'),
(478, 11, 3, '2024-11-21', 'Full time', 'Quản lý khuyến mãi', NULL, 'chưa chấm công'),
(479, 11, 3, '2024-11-22', 'Full time', 'Quản lý khuyến mãi', NULL, 'chưa chấm công'),
(480, 11, 3, '2024-11-23', 'Full time', 'Quản lý khuyến mãi', NULL, 'chưa chấm công'),
(481, 11, 3, '2024-11-24', 'Full time', 'Quản lý khuyến mãi', NULL, 'chưa chấm công'),
(482, 11, 3, '2024-11-25', 'Full time', 'Quản lý khuyến mãi', NULL, 'chưa chấm công'),
(483, 11, 3, '2024-11-26', 'Full time', 'Quản lý khuyến mãi', NULL, 'chưa chấm công'),
(484, 11, 3, '2024-11-27', 'Full time', 'Quản lý khuyến mãi', NULL, 'đi trễ'),
(485, 11, 3, '2024-11-28', 'Full time', 'Quản lý khuyến mãi', NULL, 'đi trễ'),
(486, 11, 3, '2024-11-29', 'Full time', 'Quản lý khuyến mãi', NULL, 'chưa chấm công'),
(487, 11, 3, '2024-11-30', 'Full time', 'Quản lý khuyến mãi', NULL, 'chưa chấm công'),
(488, 8, 1, '2024-12-07', 'Full time', 'Quản lý lịch chiếu', NULL, 'chưa chấm công'),
(489, 8, 1, '2024-12-08', 'Full time', 'Quản lý lịch chiếu', NULL, 'chưa chấm công'),
(490, 8, 1, '2024-12-09', 'Full time', 'Quản lý lịch chiếu', NULL, 'chưa chấm công'),
(491, 11, 1, '2025-01-01', 'Full time', 'Quản lý phòng chiếu', NULL, 'chưa chấm công'),
(492, 11, 1, '2025-01-02', 'Full time', 'Quản lý phòng chiếu', NULL, 'chưa chấm công'),
(493, 11, 1, '2025-01-03', 'Full time', 'Quản lý phòng chiếu', NULL, 'chưa chấm công'),
(494, 11, 1, '2025-01-04', 'Full time', 'Quản lý phòng chiếu', NULL, 'chưa chấm công'),
(495, 11, 1, '2025-01-05', 'Full time', 'Quản lý phòng chiếu', NULL, 'chưa chấm công'),
(496, 11, 1, '2025-01-06', 'Full time', 'Quản lý phòng chiếu', NULL, 'chưa chấm công'),
(497, 11, 1, '2025-01-07', 'Full time', 'Quản lý phòng chiếu', NULL, 'chưa chấm công'),
(498, 11, 1, '2025-01-08', 'Full time', 'Quản lý phòng chiếu', NULL, 'chưa chấm công'),
(499, 11, 1, '2025-01-09', 'Full time', 'Quản lý phòng chiếu', NULL, 'chưa chấm công'),
(500, 11, 1, '2025-01-10', 'Full time', 'Quản lý phòng chiếu', NULL, 'chưa chấm công'),
(501, 11, 1, '2025-01-11', 'Full time', 'Quản lý phòng chiếu', NULL, 'chưa chấm công'),
(502, 11, 1, '2025-01-12', 'Full time', 'Quản lý phòng chiếu', NULL, 'chưa chấm công'),
(503, 11, 1, '2025-01-13', 'Full time', 'Quản lý phòng chiếu', NULL, 'chưa chấm công'),
(504, 11, 1, '2025-01-14', 'Full time', 'Quản lý phòng chiếu', NULL, 'chưa chấm công'),
(505, 11, 1, '2025-01-15', 'Full time', 'Quản lý phòng chiếu', NULL, 'chưa chấm công'),
(506, 11, 1, '2025-01-16', 'Full time', 'Quản lý phòng chiếu', NULL, 'chưa chấm công'),
(507, 11, 1, '2025-01-17', 'Full time', 'Quản lý phòng chiếu', NULL, 'chưa chấm công'),
(508, 11, 1, '2025-01-18', 'Full time', 'Quản lý phòng chiếu', NULL, 'chưa chấm công'),
(509, 11, 1, '2025-01-19', 'Full time', 'Quản lý phòng chiếu', NULL, 'chưa chấm công'),
(510, 11, 1, '2025-01-20', 'Full time', 'Quản lý phòng chiếu', NULL, 'chưa chấm công'),
(511, 11, 1, '2025-01-21', 'Full time', 'Quản lý phòng chiếu', NULL, 'chưa chấm công'),
(512, 11, 1, '2025-01-22', 'Full time', 'Quản lý phòng chiếu', NULL, 'chưa chấm công'),
(513, 11, 1, '2025-01-23', 'Full time', 'Quản lý phòng chiếu', NULL, 'chưa chấm công'),
(514, 11, 1, '2025-01-24', 'Full time', 'Quản lý phòng chiếu', NULL, 'chưa chấm công'),
(515, 11, 1, '2025-01-25', 'Full time', 'Quản lý phòng chiếu', NULL, 'chưa chấm công'),
(516, 11, 1, '2025-01-26', 'Full time', 'Quản lý phòng chiếu', NULL, 'chưa chấm công'),
(517, 11, 1, '2025-01-27', 'Full time', 'Quản lý phòng chiếu', NULL, 'chưa chấm công'),
(518, 11, 1, '2025-01-28', 'Full time', 'Quản lý phòng chiếu', NULL, 'chưa chấm công'),
(519, 11, 1, '2025-01-29', 'Full time', 'Quản lý phòng chiếu', NULL, 'chưa chấm công'),
(520, 11, 1, '2025-01-30', 'Full time', 'Quản lý phòng chiếu', NULL, 'chưa chấm công'),
(521, 11, 1, '2025-01-31', 'Full time', 'Quản lý phòng chiếu', NULL, 'chưa chấm công'),
(522, NULL, 4, '2024-12-07', 'Ca 1 (8:00-12:00)', 'Nhân viên phục vụ đồ ăn và thức uống', 'Mỹ Yên', 'chưa chấm công'),
(523, NULL, 4, '2024-12-08', 'Ca 1 (8:00-12:00)', 'Nhân viên phục vụ đồ ăn và thức uống', 'Mỹ Yên', 'chưa chấm công'),
(524, NULL, 4, '2024-12-11', 'Ca 1 (8:00-12:00)', 'Nhân viên phục vụ đồ ăn và thức uống', 'Mỹ Yên', 'chưa chấm công'),
(525, NULL, 4, '2024-12-11', 'Ca 2 (12:00-16:00)', 'Nhân viên phục vụ đồ ăn và thức uống', 'Mỹ Yên', 'chưa chấm công'),
(526, NULL, 4, '2024-12-13', 'Ca 1 (8:00-12:00)', 'Nhân viên phục vụ đồ ăn và thức uống', 'Mỹ Yên', 'chưa chấm công'),
(527, NULL, 4, '2024-12-13', 'Ca 4 (20:00-24:00)', 'Nhân viên phục vụ đồ ăn và thức uống', 'Mỹ Yên', 'chưa chấm công'),
(528, NULL, 4, '2024-12-09', 'Ca 2 (12:00-16:00)', 'Nhân viên phục vụ đồ ăn và thức uống', 'Mỹ Yên', 'chưa chấm công'),
(529, NULL, 4, '2024-12-09', 'Ca 3 (16:00-20:00)', 'Nhân viên phục vụ đồ ăn và thức uống', 'Mỹ Yên', 'chưa chấm công'),
(530, NULL, 4, '2024-12-09', 'Ca 4 (20:00-24:00)', 'Nhân viên phục vụ đồ ăn và thức uống', 'Mỹ Yên', 'chưa chấm công'),
(531, NULL, 4, '2024-12-10', 'Ca 2 (12:00-16:00)', 'Nhân viên phục vụ đồ ăn và thức uống', 'Mỹ Yên', 'chưa chấm công'),
(532, NULL, 4, '2024-12-10', 'Ca 3 (16:00-20:00)', 'Nhân viên phục vụ đồ ăn và thức uống', 'Mỹ Yên', 'chưa chấm công'),
(533, NULL, 4, '2024-12-12', 'Ca 2 (12:00-16:00)', 'Nhân viên phục vụ đồ ăn và thức uống', 'Mỹ Yên', 'chưa chấm công'),
(534, NULL, 4, '2024-12-12', 'Ca 3 (16:00-20:00)', 'Nhân viên phục vụ đồ ăn và thức uống', 'Mỹ Yên', 'chưa chấm công'),
(535, NULL, 4, '2024-12-12', 'Ca 4 (20:00-24:00)', 'Nhân viên phục vụ đồ ăn và thức uống', 'Mỹ Yên', 'chưa chấm công'),
(536, NULL, 4, '2024-12-14', 'Ca 1 (8:00-12:00)', 'Nhân viên phục vụ đồ ăn và thức uống', 'Mỹ Yên', 'chưa chấm công'),
(537, NULL, 4, '2024-12-15', 'Ca 1 (8:00-12:00)', 'Nhân viên phục vụ đồ ăn và thức uống', 'Mỹ Yên', 'chưa chấm công'),
(538, NULL, 4, '2024-12-18', 'Ca 1 (8:00-12:00)', 'Nhân viên phục vụ đồ ăn và thức uống', 'Mỹ Yên', 'chưa chấm công'),
(539, NULL, 4, '2024-12-18', 'Ca 2 (12:00-16:00)', 'Nhân viên phục vụ đồ ăn và thức uống', 'Mỹ Yên', 'chưa chấm công'),
(540, NULL, 4, '2024-12-20', 'Ca 1 (8:00-12:00)', 'Nhân viên phục vụ đồ ăn và thức uống', 'Mỹ Yên', 'chưa chấm công'),
(541, NULL, 4, '2024-12-20', 'Ca 4 (20:00-24:00)', 'Nhân viên phục vụ đồ ăn và thức uống', 'Mỹ Yên', 'chưa chấm công'),
(542, NULL, 4, '2024-12-16', 'Ca 2 (12:00-16:00)', 'Nhân viên phục vụ đồ ăn và thức uống', 'Mỹ Yên', 'chưa chấm công'),
(543, NULL, 4, '2024-12-16', 'Ca 3 (16:00-20:00)', 'Nhân viên phục vụ đồ ăn và thức uống', 'Mỹ Yên', 'chưa chấm công'),
(544, NULL, 4, '2024-12-16', 'Ca 4 (20:00-24:00)', 'Nhân viên phục vụ đồ ăn và thức uống', 'Mỹ Yên', 'chưa chấm công'),
(545, NULL, 4, '2024-12-17', 'Ca 2 (12:00-16:00)', 'Nhân viên phục vụ đồ ăn và thức uống', 'Mỹ Yên', 'chưa chấm công'),
(546, NULL, 4, '2024-12-17', 'Ca 3 (16:00-20:00)', 'Nhân viên phục vụ đồ ăn và thức uống', 'Mỹ Yên', 'chưa chấm công'),
(547, NULL, 4, '2024-12-19', 'Ca 2 (12:00-16:00)', 'Nhân viên phục vụ đồ ăn và thức uống', 'Mỹ Yên', 'chưa chấm công'),
(548, NULL, 4, '2024-12-19', 'Ca 3 (16:00-20:00)', 'Nhân viên phục vụ đồ ăn và thức uống', 'Mỹ Yên', 'chưa chấm công'),
(549, NULL, 4, '2024-12-19', 'Ca 4 (20:00-24:00)', 'Nhân viên phục vụ đồ ăn và thức uống', 'Mỹ Yên', 'chưa chấm công'),
(550, NULL, 5, '2024-12-06', 'Ca 1 (8:00-12:00)', 'Nhân viên phòng chiếu', 'Tuấn', 'chưa chấm công'),
(551, NULL, 5, '2024-12-06', 'Ca 2 (12:00-16:00)', 'Nhân viên phòng chiếu', 'Tuấn', 'chưa chấm công'),
(552, NULL, 5, '2024-12-09', 'Ca 1 (8:00-12:00)', 'Nhân viên phòng chiếu', 'Tuấn', 'chưa chấm công'),
(553, NULL, 5, '2024-12-09', 'Ca 2 (12:00-16:00)', 'Nhân viên phòng chiếu', 'Tuấn', 'chưa chấm công'),
(554, NULL, 5, '2024-12-12', 'Ca 1 (8:00-12:00)', 'Nhân viên phòng chiếu', 'Tuấn', 'chưa chấm công'),
(555, NULL, 5, '2024-12-12', 'Ca 2 (12:00-16:00)', 'Nhân viên phòng chiếu', 'Tuấn', 'chưa chấm công'),
(556, NULL, 5, '2024-12-08', 'Ca 2 (12:00-16:00)', 'Nhân viên phòng chiếu', 'Tuấn', 'chưa chấm công'),
(557, NULL, 5, '2024-12-08', 'Ca 3 (16:00-20:00)', 'Nhân viên phòng chiếu', 'Tuấn', 'chưa chấm công'),
(558, NULL, 5, '2024-12-11', 'Ca 2 (12:00-16:00)', 'Nhân viên phòng chiếu', 'Tuấn', 'chưa chấm công'),
(559, NULL, 5, '2024-12-11', 'Ca 3 (16:00-20:00)', 'Nhân viên phòng chiếu', 'Tuấn', 'chưa chấm công'),
(560, NULL, 5, '2024-12-07', 'Ca 3 (16:00-20:00)', 'Nhân viên phòng chiếu', 'Tuấn', 'chưa chấm công'),
(561, NULL, 5, '2024-12-07', 'Ca 4 (20:00-24:00)', 'Nhân viên phòng chiếu', 'Tuấn', 'chưa chấm công'),
(562, NULL, 5, '2024-12-10', 'Ca 3 (16:00-20:00)', 'Nhân viên phòng chiếu', 'Tuấn', 'chưa chấm công'),
(563, NULL, 5, '2024-12-10', 'Ca 4 (20:00-24:00)', 'Nhân viên phòng chiếu', 'Tuấn', 'chưa chấm công'),
(564, NULL, 5, '2024-12-13', 'Ca 1 (8:00-12:00)', 'Nhân viên phòng chiếu', 'Tuấn', 'chưa chấm công'),
(565, NULL, 5, '2024-12-13', 'Ca 2 (12:00-16:00)', 'Nhân viên phòng chiếu', 'Tuấn', 'chưa chấm công'),
(566, NULL, 5, '2024-12-16', 'Ca 1 (8:00-12:00)', 'Nhân viên phòng chiếu', 'Tuấn', 'chưa chấm công'),
(567, NULL, 5, '2024-12-16', 'Ca 2 (12:00-16:00)', 'Nhân viên phòng chiếu', 'Tuấn', 'chưa chấm công'),
(568, NULL, 5, '2024-12-19', 'Ca 1 (8:00-12:00)', 'Nhân viên phòng chiếu', 'Tuấn', 'chưa chấm công'),
(569, NULL, 5, '2024-12-19', 'Ca 2 (12:00-16:00)', 'Nhân viên phòng chiếu', 'Tuấn', 'chưa chấm công'),
(570, NULL, 5, '2024-12-15', 'Ca 2 (12:00-16:00)', 'Nhân viên phòng chiếu', 'Tuấn', 'chưa chấm công'),
(571, NULL, 5, '2024-12-15', 'Ca 3 (16:00-20:00)', 'Nhân viên phòng chiếu', 'Tuấn', 'chưa chấm công'),
(572, NULL, 5, '2024-12-18', 'Ca 2 (12:00-16:00)', 'Nhân viên phòng chiếu', 'Tuấn', 'chưa chấm công'),
(573, NULL, 5, '2024-12-18', 'Ca 3 (16:00-20:00)', 'Nhân viên phòng chiếu', 'Tuấn', 'chưa chấm công'),
(574, NULL, 5, '2024-12-14', 'Ca 3 (16:00-20:00)', 'Nhân viên phòng chiếu', 'Tuấn', 'chưa chấm công'),
(575, NULL, 5, '2024-12-14', 'Ca 4 (20:00-24:00)', 'Nhân viên phòng chiếu', 'Tuấn', 'chưa chấm công'),
(576, NULL, 5, '2024-12-17', 'Ca 3 (16:00-20:00)', 'Nhân viên phòng chiếu', 'Tuấn', 'chưa chấm công'),
(577, NULL, 5, '2024-12-17', 'Ca 4 (20:00-24:00)', 'Nhân viên phòng chiếu', 'Tuấn', 'chưa chấm công'),
(578, NULL, 5, '2024-12-06', 'Ca 2 (12:00-16:00)', 'Nhân viên bảo vệ', 'Hoangg', 'chưa chấm công'),
(579, NULL, 5, '2024-12-07', 'Ca 2 (12:00-16:00)', 'Nhân viên bảo vệ', 'Hoangg', 'chưa chấm công'),
(580, NULL, 5, '2024-12-08', 'Ca 2 (12:00-16:00)', 'Nhân viên bảo vệ', 'Hoangg', 'chưa chấm công'),
(581, NULL, 5, '2024-12-09', 'Ca 3 (16:00-20:00)', 'Nhân viên bảo vệ', 'Hoangg', 'chưa chấm công'),
(582, NULL, 5, '2024-12-10', 'Ca 3 (16:00-20:00)', 'Nhân viên bảo vệ', 'Hoangg', 'chưa chấm công'),
(583, NULL, 5, '2024-12-10', 'Ca 4 (20:00-24:00)', 'Nhân viên bảo vệ', 'Hoangg', 'chưa chấm công'),
(584, NULL, 5, '2024-12-11', 'Ca 4 (20:00-24:00)', 'Nhân viên bảo vệ', 'Hoangg', 'chưa chấm công');

-- --------------------------------------------------------

--
-- Cấu trúc bảng cho bảng `loaiphim`
--

CREATE TABLE `loaiphim` (
  `id` int(11) NOT NULL,
  `name` varchar(50) NOT NULL
) ENGINE=InnoDB DEFAULT CHARSET=utf8mb4 COLLATE=utf8mb4_general_ci;

--
-- Đang đổ dữ liệu cho bảng `loaiphim`
--

INSERT INTO `loaiphim` (`id`, `name`) VALUES
(13, 'Kinh dị'),
(14, 'Hài'),
(15, 'Thiếu nhi'),
(16, 'Viễn tưởng'),
(17, 'Tình Cảm'),
(18, 'Tài liệu'),
(19, 'Xuyên không'),
(20, 'Hành động');

-- --------------------------------------------------------

--
-- Cấu trúc bảng cho bảng `nguoidung_khuyenmai`
--

CREATE TABLE `nguoidung_khuyenmai` (
  `id` int(11) NOT NULL,
  `id_taikhoan` int(11) DEFAULT NULL,
  `id_km` int(11) DEFAULT NULL,
  `trang_thai_ma` int(11) DEFAULT 0
) ENGINE=InnoDB DEFAULT CHARSET=utf8mb4 COLLATE=utf8mb4_general_ci;

--
-- Đang đổ dữ liệu cho bảng `nguoidung_khuyenmai`
--

INSERT INTO `nguoidung_khuyenmai` (`id`, `id_taikhoan`, `id_km`, `trang_thai_ma`) VALUES
(14, 28, 18, 1);

-- --------------------------------------------------------

--
-- Cấu trúc bảng cho bảng `phim`
--

CREATE TABLE `phim` (
  `id` int(11) NOT NULL,
  `tieu_de` varchar(255) NOT NULL,
  `daodien` varchar(255) NOT NULL,
  `dienvien` varchar(255) NOT NULL,
  `img` varchar(255) NOT NULL,
  `mo_ta` text NOT NULL,
  `date_phat_hanh` date NOT NULL,
  `thoi_luong_phim` int(11) NOT NULL,
  `id_loai` int(11) NOT NULL,
  `quoc_gia` varchar(255) NOT NULL,
  `gia_han_tuoi` int(11) NOT NULL,
  `link_trailer` varchar(5000) NOT NULL,
  `gia_ve` int(50) DEFAULT NULL
) ENGINE=InnoDB DEFAULT CHARSET=utf8mb4 COLLATE=utf8mb4_general_ci;

--
-- Đang đổ dữ liệu cho bảng `phim`
--

INSERT INTO `phim` (`id`, `tieu_de`, `daodien`, `dienvien`, `img`, `mo_ta`, `date_phat_hanh`, `thoi_luong_phim`, `id_loai`, `quoc_gia`, `gia_han_tuoi`, `link_trailer`, `gia_ve`) VALUES
(4, '101 chú chó đốm', 'Clyde Geronimi\r\nHamilton Luske\r\nWolfgang Reitherman', 'Glenn Close trong vai Cruella de Vil ; Jeff Daniels trong vai Roger Dearly ; Joely Richardson trong vai Anita Campbell-Green-Dearly,...', '101chuchodom.jpg', '101 chú chó đốm (tiếng Anh: One Hundred and One Dalmatians) là một phim hoạt hình sản xuất bởi Walt Disney dựa vào truyện cùng tên của Dodie Smith. ', '2024-05-01', 120, 15, 'Anh', 12, '<iframe width=\"706\" height=\"397\" src=\"https://www.youtube.com/embed/rKCEyXoPNEU\" title=\"101 Dalmatians (1961) Trailer #1 | Movieclips Classic Trailers\" frameborder=\"0\" allow=\"accelerometer; autoplay; clipboard-write; encrypted-media; gyroscope; picture-in-picture; web-share\" referrerpolicy=\"strict-origin-when-cross-origin\" allowfullscreen></iframe>', 100000),
(5, 'Avatar', 'James Cameron', 'Sam Worthington\r\nZoe Saldaña\r\nSigourney Weaver\r\nStephen Lang\r\nCliff Curtis\r\nJoel David Moore\r\nCCH Pounder\r\nGiovanni Ribisi\r\nEdie Falco\r\nJemaine Clement\r\nKate Winslet', 'avata.jpg', 'Avatar: Dòng chảy của nước (tựa gốc tiếng Anh: Avatar: The Way of Water) là một bộ phim khoa học viễn tưởng sử thi của Mỹ năm 2022 do James Cameron đạo diễn, người đồng viết kịch bản với Rick Jaffa và Amanda Silver từ một câu chuyện mà bộ ba viết cùng Josh Friedman và Shane Salerno.', '2024-05-10', 175, 19, 'Mỹ', 12, '<iframe width=\"706\" height=\"397\" src=\"https://www.youtube.com/embed/d9MyW72ELq0\" title=\"Avatar: The Way of Water | Official Trailer\" frameborder=\"0\" allow=\"accelerometer; autoplay; clipboard-write; encrypted-media; gyroscope; picture-in-picture; web-share\" referrerpolicy=\"strict-origin-when-cross-origin\" allowfullscreen></iframe>', 100000),
(6, 'Batman', 'Matt Reeves', '	\r\nRobert Pattinson\r\nZoë Kravitz\r\nPaul Dano\r\nJeffrey Wright\r\nJohn Turturro\r\nPeter Sarsgaard\r\nBarry Keoghan\r\nAndy Serkis\r\nColin Farrell', 'batman.jpg', 'Batman: Vạch trần sự thật (tiếng Anh: The Batman) là một bộ phim điện ảnh đề tài siêu anh hùng của Mỹ, dựa trên nhân vật cùng tên của loạt truyện tranh DC Comics. Phim do các hãng DC Films, 6th & Idaho, Dylan Clark Productions sản xuất và được Warner Bros.', '2024-04-24', 120, 14, 'Mỹ', 10, '<iframe width=\"706\" height=\"397\" src=\"https://www.youtube.com/embed/mqqft2x_Aa4\" title=\"THE BATMAN – Main Trailer\" frameborder=\"0\" allow=\"accelerometer; autoplay; clipboard-write; encrypted-media; gyroscope; picture-in-picture; web-share\" referrerpolicy=\"strict-origin-when-cross-origin\" allowfullscreen></iframe>', 100000),
(7, 'Bố già', 'Trấn Thành\r\nVũ Ngọc Đãng', '	\r\nTrấn Thành\r\nTuấn Trần\r\nNgân Chi\r\nNgọc Giàu\r\nLê Giang\r\nHoàng Mèo\r\nLan Phương\r\nLa Thành\r\nQuốc Khánh', 'bogia.jpg', 'Bố già (tiếng Anh: Dad, I\'m Sorry) là một bộ phim điện ảnh Việt Nam thuộc thể loại hài – chính kịch ra mắt năm 2021 do Trấn Thành và Vũ Ngọc Đãng đồng đạo diễn, với phần kịch bản do Trấn Thành, Bùi An Nhi, Lương Nghiêm Huy và Hồ Thúc An chấp bút.', '2024-05-16', 100, 15, 'Việt Nam', 16, '<iframe width=\"706\" height=\"397\" src=\"https://www.youtube.com/embed/jluSu8Rw6YE\" title=\"BỐ GIÀ - khởi chiếu 12/03/2021/ OFFICIAL TRAILER / TRẤN THÀNH\" frameborder=\"0\" allow=\"accelerometer; autoplay; clipboard-write; encrypted-media; gyroscope; picture-in-picture; web-share\" referrerpolicy=\"strict-origin-when-cross-origin\" allowfullscreen></iframe>', 100000),
(8, 'Bơi đêm', 'Bryce McGuire', 'Wyatt Russell\r\nKerry Condon', 'boidem.jpg', 'Bơi đêm (tiếng Anh: Night Swim) là một bộ phim điện ảnh Mỹ thuộc thể loại kinh dị – siêu nhiên – giật gân do Bryce McGuire viết kịch bản kiêm đạo diễn trong tác phẩm đầu tay của mình, dựa trên bộ phim ngắn cùng tên ra mắt vào năm 2014 của anh và Rod Blackhurst.', '2024-04-29', 140, 13, 'Mỹ', 12, '<iframe width=\"706\" height=\"397\" src=\"https://www.youtube.com/embed/kG19taK55e8\" title=\"Night Swim | Official Trailer\" frameborder=\"0\" allow=\"accelerometer; autoplay; clipboard-write; encrypted-media; gyroscope; picture-in-picture; web-share\" referrerpolicy=\"strict-origin-when-cross-origin\" allowfullscreen></iframe>', 100000),
(9, 'Chìa khóa trăm tỉ', 'Võ Thanh Hòa', 'Kiều Minh Tuấn\r\nThu Trang\r\nAnh Tú Atus\r\nJun Vũ\r\nLa Thành', 'chiakhoatramti.jpg', 'Chìa khóa trăm tỷ (tên tiếng Anh: A Hundred Billion Key 2021) là một bộ phim hài hước, hành động của Việt Nam được làm lại từ bộ phim Key of Life của Nhật Bản. Bộ phim trước đó đã từng được làm lại ở nhiều quốc gia như Hàn Quốc và Trung Quốc.', '2024-05-02', 120, 16, 'Việt Nam', 10, '<iframe width=\"706\" height=\"296\" src=\"https://www.youtube.com/embed/OhQW4eX1NPI\" title=\"Phim &quot;Chìa Khóa Trăm Tỷ&quot; Official Trailer | KC 01.02.2022\" frameborder=\"0\" allow=\"accelerometer; autoplay; clipboard-write; encrypted-media; gyroscope; picture-in-picture; web-share\" referrerpolicy=\"strict-origin-when-cross-origin\" allowfullscreen></iframe>', 100000),
(10, 'Chuyện ma gần nhà', 'Trần Hữu Tấn', '	Mạc Can\r\nVân Trang\r\nKhả Như\r\nNgọc Hiệp\r\nHữu Tiến\r\nHuỳnh Thanh Trực\r\nTrần Phong\r\nHuỳnh Như Đan', 'chuyenmagannha.jpg', 'Chuyện ma gần nhà (tựa tiếng Anh: Vietnamese Horror Story) là một bộ phim kinh dị năm 2024 của Việt Nam dựa trên những truyền thuyết đô thị ở quốc gia này, do ProductionQ – Creative House sản xuất và được phát hành bởi CJ CGV Việt Nam.', '2024-05-08', 120, 13, 'Việt Nam', 16, '<iframe width=\"706\" height=\"397\" src=\"https://www.youtube.com/embed/s-byg3qLvxU\" title=\"CHUYỆN MA GẦN NHÀ - OFFICIAL TRAILER | Dự kiến khởi chiếu: 11.02.2022\" frameborder=\"0\" allow=\"accelerometer; autoplay; clipboard-write; encrypted-media; gyroscope; picture-in-picture; web-share\" referrerpolicy=\"strict-origin-when-cross-origin\" allowfullscreen></iframe>', 100000),
(11, 'Cuộc sống nhiệm màu', 'Pete Docter', '	\r\nJamie Foxx\r\nTina Fey\r\nGraham Norton\r\nRachel House\r\nAlice Braga\r\nRichard Ayoade\r\nPhylicia Rashad\r\nDonnell Rawlings\r\nQuestlove\r\nAngela Bassett', 'cuocsongnhiemmau.jpg', 'Cuộc sống nhiệm màu (tên gốc tiếng Anh: Soul) là một bộ phim hài hoạt hình máy tính của Mỹ năm 2024 do Walt Disney Pictures và Pixar Animation Studios sản xuất, được phân phối bởi Walt Disney Studios Motion Pictures.', '2024-05-09', 100, 15, 'Mỹ', 16, '<iframe width=\"706\" height=\"293\" src=\"https://www.youtube.com/embed/63UGcD1Z7I4\" title=\"Phim &quot;Soul: Cuộc Sống Nhiệm Màu&quot; Trailer | KC 25.12.2020\" frameborder=\"0\" allow=\"accelerometer; autoplay; clipboard-write; encrypted-media; gyroscope; picture-in-picture; web-share\" referrerpolicy=\"strict-origin-when-cross-origin\" allowfullscreen></iframe>', 100000),
(12, 'Đi tìm Nemo', 'Andrew Stanton\r\nLee Unkrich', '	Albert Brooks\r\nEllen DeGeneres\r\nAlexander Gould\r\nWillem Dafoe\r\nBrad Garrett\r\nJoe Ranft\r\nAllison Janney\r\nVicki Lewis\r\nAustin Pendleton\r\nStephen Root\r\nGeoffrey Rush\r\nNicholas Bird\r\nEric Bana\r\nLulu Ebeling\r\nBarry Humphries', 'nemo.jpg', 'Đi tìm Nemo (tiếng Anh: Finding Nemo, tại Việt Nam còn được gọi là Cuộc phiêu lưu của Nemo) là một bộ phim hoạt hình của Hoa Kỳ được công chiếu vào năm 2003. Phim do Andrew Stanton viết kịch bản, Stanton và Lee Unkrich đạo diễn, hai hãng Walt Disney và Pixar đồng sản xuất. Phim nói về câu chuyện của chú cá hề Marlin (do Albert Brooks lồng tiếng) cùng với một con cá khác là Dory (do Ellen DeGeneres lồng tiếng) đi tìm con trai của anh là Nemo (do Alexander Gould lồng tiếng).', '2024-05-28', 150, 15, 'Việt Nam', 12, '<iframe width=\"706\" height=\"397\" src=\"https://www.youtube.com/embed/86eaAc2Buvg\" title=\"Finding Nemo 3D - Đi tìm Nemo - Trailer - Megastar Cineplex\" frameborder=\"0\" allow=\"accelerometer; autoplay; clipboard-write; encrypted-media; gyroscope; picture-in-picture; web-share\" referrerpolicy=\"strict-origin-when-cross-origin\" allowfullscreen></iframe>', 100000),
(13, 'Em và trịnh', 'Phan Gia Nhật Linh', '	Avin Lu\r\nTrần Lực\r\nPhạm Nguyễn Lan Thy\r\nHoàng Hà\r\nPhạm Nhật Linh\r\nBùi Lan Hương\r\nTrọng Trinh\r\nNakatani Akari', 'emvatrinh.jpg', 'Em và Trịnh là một bộ phim điện ảnh Việt Nam thuộc thể loại lãng mạn – chính kịch công chiếu năm 2024 do Phan Gia Nhật Linh làm đạo diễn, viết kịch bản và đồng sản xuất, lấy cảm hứng từ cuộc đời của cố nhạc sĩ Trịnh Công Sơn.', '2024-05-30', 100, 17, 'Việt Nam', 16, '<iframe width=\"706\" height=\"487\" src=\"https://www.youtube.com/embed/IosqnBOkk2I\" title=\"PHIM EM VÀ TRỊNH || TRAILER || KHỞI CHIẾU TẠI RẠP 17.06.2022\" frameborder=\"0\" allow=\"accelerometer; autoplay; clipboard-write; encrypted-media; gyroscope; picture-in-picture; web-share\" referrerpolicy=\"strict-origin-when-cross-origin\" allowfullscreen></iframe>', 100000),
(14, 'Inside Out 2', '	Kelsey Mann', '	\r\nAmy Poehler\r\nMaya Hawke\r\nKensington Cao\r\nLiza Lapira\r\nTony Hale\r\nLewis Đen\r\nPhyllis Smith\r\nAyo Edebiri\r\nHoa huệ\r\nGrace Lữ', 'inside.jpg', 'Inside Out 2 là một bộ phim hoạt hình Mỹ về tuổi mới lớn năm 2024 do Pixar Animation Studios sản xuất cho Walt Disney Pictures . Phần tiếp theo của Inside Out (2015), do Kelsey Mann đạo diễn (trong bộ phim đầu tay của ông) và Mark Nielsen sản xuất, từ kịch bản do Meg LeFauve và Dave Holstein chấp bút, và một câu chuyện do Mann và LeFauve hình thành.', '2024-06-07', 120, 15, 'Mỹ', 12, '<iframe width=\"722\" height=\"302\" src=\"https://www.youtube.com/embed/LEjhY15eCx0\" title=\"Inside Out 2 | Official Trailer\" frameborder=\"0\" allow=\"accelerometer; autoplay; clipboard-write; encrypted-media; gyroscope; picture-in-picture; web-share\" referrerpolicy=\"strict-origin-when-cross-origin\" allowfullscreen></iframe>', 100000),
(15, 'Joker', 'Todd Phillips', '	\r\nJoaquin Phoenix\r\nRobert De Niro\r\nZazie Beetz\r\nFrances Conroy', 'joke.jpg', 'Joker là một bộ phim điện ảnh giật gân tâm lý của Mỹ năm 2024 do Todd Phillips chịu trách nhiệm đạo diễn kiêm sản xuất, với phần kịch bản do anh chấp bút cùng nhà biên kịch Scott Silver. Bộ phim dựa trên nguyên tác truyện tranh gốc của DC Comics, với bối cảnh được đặt vào năm 1981 ở Thành phố Gotham.', '2024-05-31', 100, 18, 'Mỹ', 12, '<iframe width=\"706\" height=\"397\" src=\"https://www.youtube.com/embed/t433PEQGErc\" title=\"JOKER - Teaser Trailer - Now Playing In Theaters\" frameborder=\"0\" allow=\"accelerometer; autoplay; clipboard-write; encrypted-media; gyroscope; picture-in-picture; web-share\" referrerpolicy=\"strict-origin-when-cross-origin\" allowfullscreen></iframe>', 100000),
(16, 'Kung Fu Panda', 'Mark Osborne\r\nJohn Stevenson', '	\r\nJack Black\r\nDustin Hoffman\r\nAngelina Jolie\r\nIan McShane\r\nSeth Rogen\r\nLucy Liu\r\nDavid Cross\r\nRandall Duk Kim\r\nJames Hong\r\nDan Fogler\r\nMichael Clarke Duncan\r\nJackie Chan', 'kungfupanda.jpg', 'Kung Fu Panda (tựa tiếng Việt: Gấu mập học võ) là một bộ phim hoạt hình 3D của hãng DreamWorks do hai đạo diễn sáng lập nên là John Stevenson và Mark Osborne, được sản xuất bởi Melissa Cobb.', '2024-06-19', 150, 15, 'Mỹ', 12, '<iframe width=\"706\" height=\"397\" src=\"https://www.youtube.com/embed/_inKs4eeHiI\" title=\"KUNG FU PANDA 4 | Official Trailer\" frameborder=\"0\" allow=\"accelerometer; autoplay; clipboard-write; encrypted-media; gyroscope; picture-in-picture; web-share\" referrerpolicy=\"strict-origin-when-cross-origin\" allowfullscreen></iframe>', 100000),
(17, 'Móng vuốt', 'Lê Thanh Sơn', 'Tuấn Trần, Thảo Tâm, Rocker Nguyễn, Gi A Nguyễn, Quốc Khánh, Naomi, Ceri, Hồng Thanh', 'mongvuot.jpg', 'Móng vuốt là phim điện ảnh đánh dấu sự trở lại của đạo diễn Em chưa 18 Lê Thanh Sơn sau 7 năm vắng bóng. Tác phẩm cũng là bộ phim đầu tiên ở Việt Nam khai thác thể loại sinh tồn, hành động.', '2024-10-07', 120, 20, 'Việt Nam', 18, '<iframe width=\"1045\" height=\"438\" src=\"https://www.youtube.com/embed/FHN9VR1OOik\" title=\"MÓNG VUỐT TEASER TRAILER - KC: 05.04.2024\" frameborder=\"0\" allow=\"accelerometer; autoplay; clipboard-write; encrypted-media; gyroscope; picture-in-picture; web-share\" referrerpolicy=\"strict-origin-when-cross-origin\" allowfullscreen></iframe>', 100000),
(18, 'Người lắng nghe: Lời thì thầm', '	Khoa Nguyễn', '	 Quang Sự Oanh Kiều Phạm Quỳnh Anh Quốc Cường Lý Hồng Ân', 'nguoilangnghe.jpg', 'Người lắng nghe: Lời thì thầm (tiếng Anh: Listeners: The Whispering) là bộ phim điện ảnh Việt Nam, thuộc thể loại tâm lý - kinh dị, sản xuất năm 2024, của đạo diễn Khoa Nguyễn.', '2024-10-03', 120, 13, 'Việt Nam', 16, '<iframe width=\"703\" height=\"395\" src=\"https://www.youtube.com/embed/b8cKMxApetA\" title=\"(Official Trailer) Người Lắng Nghe: Lời Thì Thầm I KC: 04/03/2022\" frameborder=\"0\" allow=\"accelerometer; autoplay; clipboard-write; encrypted-media; gyroscope; picture-in-picture; web-share\" referrerpolicy=\"strict-origin-when-cross-origin\" allowfullscreen></iframe>', 100000),
(19, 'Madame Web', 'j', 'h', 'madamweb.jpg', 'Madame Web là một bộ phim siêu anh hùng Mỹ năm 2024có sự góp mặtnhân vật Marvel Comics cùng tên . Đây là bộ phim thứ tư trong Vũ trụ Người Nhện (SSU) của Sony và có sự tham gia của Dakota Johnson trong vai chính, cùng với Sydney Sweeney , Isabela Merced , Celeste OConnor , Tahar Rahim , Mike Epps , Emma Roberts và Adam Scott . ', '2024-10-02', 120, 19, 'n', 7, '', 100000),
(20, 'Minh Hôn', 'SJ Clarkson', 'vvvvv', 'girl.jpg', 'vvvvvvv', '2024-11-14', 123, 20, 'Việt Nam', 12, '', 100000);

-- --------------------------------------------------------

--
-- Cấu trúc bảng cho bảng `phongchieu`
--

CREATE TABLE `phongchieu` (
  `id` int(11) NOT NULL,
  `name` varchar(50) NOT NULL,
  `rap_id` int(11) NOT NULL,
  `so_hang` int(11) NOT NULL,
  `so_cot` int(11) NOT NULL
) ENGINE=InnoDB DEFAULT CHARSET=utf8mb4 COLLATE=utf8mb4_general_ci;

--
-- Đang đổ dữ liệu cho bảng `phongchieu`
--

INSERT INTO `phongchieu` (`id`, `name`, `rap_id`, `so_hang`, `so_cot`) VALUES
(34, 'P01', 1, 10, 10),
(35, 'P02', 1, 10, 15),
(37, 'P04', 2, 10, 12),
(38, 'P05', 2, 12, 12),
(39, 'P06', 3, 12, 11),
(40, 'P07', 3, 10, 7),
(41, 'P08', 4, 9, 10),
(42, 'P1', 5, 6, 8),
(43, 'Số 12', 2, 12, 10),
(44, 'P8', 4, 20, 6),
(45, 'Vip1', 3, 10, 10);

-- --------------------------------------------------------

--
-- Cấu trúc bảng cho bảng `rap`
--

CREATE TABLE `rap` (
  `id` int(11) NOT NULL,
  `tenrap` varchar(255) CHARACTER SET utf8mb4 COLLATE utf8mb4_unicode_ci NOT NULL,
  `diachi` varchar(255) CHARACTER SET utf8mb4 COLLATE utf8mb4_unicode_ci NOT NULL,
  `sdt` varchar(20) NOT NULL,
  `email_rap` varchar(255) CHARACTER SET utf8mb4 COLLATE utf8mb4_unicode_ci NOT NULL
) ENGINE=InnoDB DEFAULT CHARSET=utf8mb4 COLLATE=utf8mb4_general_ci;

--
-- Đang đổ dữ liệu cho bảng `rap`
--

INSERT INTO `rap` (`id`, `tenrap`, `diachi`, `sdt`, `email_rap`) VALUES
(1, 'TIAM Quang Trung', '60 Quang Trung, Phường 10, Gò Vấp, Hồ Chí Minh', ' 028 7300 8880', 'tiamtheaterquangtrung@gmail.com'),
(2, 'TIAM Tân Bình', '667, Lý Thường Kiệt, Phường 11, Tân Bình, Hồ Chí Minh', ' 028 7300 8882', 'tiamtheatertanbinh@gmail.com'),
(3, 'TIAM Bình Thạnh', ' 44 Bình Quới, Phường 27, Quận Bình Thạnh, Hồ Chí Minh', ' 028 7300 8883', 'tiamtheaterbinhthanh@gmail.com'),
(4, 'TIAM Bình Tân', '39 Dương Tự Quán, An Lạc A, Bình Tân, Hồ Chí Minh, Việt Nam', ' 028 7300 8885', 'tiamtheaterbinhtan@gmail.com'),
(5, 'TIAM Quận 1', '103 Đồng Khởi, Phường Bến Nghé, Quận 1, Hồ Chí Minh', ' 028 7300 8886', 'tiamtheaterquan1@gmail.com');

-- --------------------------------------------------------

--
-- Cấu trúc bảng cho bảng `taikhoan`
--

CREATE TABLE `taikhoan` (
  `id` int(11) NOT NULL,
  `name` varchar(255) NOT NULL,
  `user` varchar(255) NOT NULL,
  `pass` varchar(255) NOT NULL,
  `email` varchar(255) NOT NULL,
  `phone` varchar(10) NOT NULL,
  `dia_chi` varchar(255) NOT NULL,
  `vai_tro` int(1) NOT NULL,
  `ten_vaitro` varchar(255) CHARACTER SET utf8mb4 COLLATE utf8mb4_unicode_ci NOT NULL,
  `diem_tich_luy` int(11) DEFAULT 0,
  `rap_id` int(11) DEFAULT NULL
) ENGINE=InnoDB DEFAULT CHARSET=utf8mb4 COLLATE=utf8mb4_general_ci;

--
-- Đang đổ dữ liệu cho bảng `taikhoan`
--

INSERT INTO `taikhoan` (`id`, `name`, `user`, `pass`, `email`, `phone`, `dia_chi`, `vai_tro`, `ten_vaitro`, `diem_tich_luy`, `rap_id`) VALUES
(8, 'Van A', 'admin', '123456', 'vanvan@gmail.com', '0366508004', 'Phú Xuyên Hà Nội', 1, '', 0, NULL),
(10, 'Minh Tiến', 'admin2', '1234', 'tien@gmail.com', '1234567890', 'HCM', 2, '', 0, NULL),
(11, 'KUKA', 'kuka123', '1234', 'email.ra@gmail.com', '0123456789', 'juja2', 1, '', 0, NULL),
(14, 'nhanvien', 'nhanvien', '1234', 'nhanvien@gmail.com', '0987666642', 'nhanvien', 1, '', 0, NULL),
(25, 'VYAN FURNITURE', 'van866', '$2y$10$LdiSyx1KoVIlPBg/.c3aWeZj5JLLxbB3Y34Mc/X7VtO/4SbqwApdW', 'vansieunhan862002@gmail.com', '0705487348', 'h', 0, '', 0, NULL),
(28, 'van', 'van86', '$2y$10$w1eilsdiZ9BamTxuNnEb7e9KDLIHsn8U.U7LOeqlUIb3bT6xEjMWC', 'vanlle7411@gmail.com', '0705487346', 'hn', 0, '', 945, NULL),
(30, 'Lê Ngọc vân', 'van88', '$2y$10$xo2.FZw5wy9ypB/2ac5qS.buDytJ.qLbQqOF.VFBGtyh/1JeT7uS.', 'haibang741@gmail.com', '0705487342', 'HCM', 0, '', 40, NULL),
(31, 'van86', 'van87', '$2y$10$W8TeSxNUhX/8cgE7n6tofO49vmwiXg5gy.fzcOLyVZoubleqqLhQq', 'haibang7411@gmail.com', '0705487343', 'hcm', 0, '', 39, NULL);

-- --------------------------------------------------------

--
-- Cấu trúc bảng cho bảng `ve`
--

CREATE TABLE `ve` (
  `id` int(11) NOT NULL,
  `id_phim` int(11) NOT NULL,
  `id_thoi_gian_chieu` int(11) NOT NULL,
  `id_ngay_chieu` int(11) NOT NULL,
  `id_tk` int(11) NOT NULL,
  `ghe` varchar(255) NOT NULL,
  `combo` text NOT NULL,
  `price` varchar(10) NOT NULL,
  `id_hd` int(11) NOT NULL,
  `trang_thai` tinyint(4) NOT NULL DEFAULT 0,
  `ngay_dat` datetime NOT NULL
) ENGINE=InnoDB DEFAULT CHARSET=utf8mb4 COLLATE=utf8mb4_general_ci;

--
-- Đang đổ dữ liệu cho bảng `ve`
--

INSERT INTO `ve` (`id`, `id_phim`, `id_thoi_gian_chieu`, `id_ngay_chieu`, `id_tk`, `ghe`, `combo`, `price`, `id_hd`, `trang_thai`, `ngay_dat`) VALUES
(311, 11, 67, 46, 17, 'G3', 'Combo-Hủy-Diệt ', '499000', 305, 1, '2024-05-26 02:11:24'),
(312, 11, 67, 46, 17, 'G3', 'Combo-Hủy-Diệt ', '499000', 306, 1, '2024-05-26 02:13:08'),
(313, 11, 67, 46, 17, 'E4', 'Combo-Hủy-Diệt ', '399000', 307, 1, '2024-05-26 02:16:36'),
(314, 11, 67, 46, 17, 'E4', 'Combo-Hủy-Diệt ', '399000', 308, 1, '2024-05-26 02:17:28'),
(315, 11, 67, 46, 17, 'E4', 'Combo-Hủy-Diệt ', '399000', 309, 1, '2024-05-26 02:18:40'),
(316, 11, 67, 46, 17, 'E4', 'Combo-Hủy-Diệt ', '399000', 310, 1, '2024-05-26 02:19:16'),
(317, 11, 67, 46, 17, 'E4', 'Combo-Hủy-Diệt ', '399000', 311, 1, '2024-05-26 02:19:47'),
(318, 11, 67, 46, 17, 'E4', 'Combo-Hủy-Diệt ', '399000', 312, 1, '2024-05-26 02:22:12'),
(319, 11, 67, 46, 17, 'E4', 'Combo-Hủy-Diệt ', '399000', 313, 1, '2024-05-26 02:23:26'),
(320, 10, 66, 47, 17, 'F3', '', '200000', 314, 1, '2024-05-26 10:46:50'),
(321, 10, 66, 47, 17, 'F3', '', '200000', 315, 1, '2024-05-26 10:50:52'),
(322, 10, 66, 47, 17, 'F3', '', '200000', 316, 1, '2024-05-26 10:54:25'),
(323, 10, 66, 47, 17, 'B3', 'Combo-Hủy-Diệt ', '299000', 317, 1, '2024-05-26 14:16:56'),
(324, 9, 65, 48, 17, 'E4', '', '200000', 318, 1, '2024-05-26 14:43:59'),
(325, 9, 65, 48, 17, 'E4', '', '200000', 319, 1, '2024-05-26 14:45:15'),
(326, 9, 65, 48, 17, 'E4', '', '200000', 320, 1, '2024-05-26 14:45:32'),
(327, 9, 65, 48, 17, 'F6,A5', 'Combo-Hủy-Diệt ', '499000', 321, 1, '2024-05-26 15:21:59'),
(328, 10, 66, 47, 17, 'D3', 'Combo-Hủy-Diệt ', '399000', 322, 1, '2024-05-26 15:23:38'),
(329, 10, 66, 47, 17, 'C3', '', '100000', 323, 1, '2024-05-26 15:55:47'),
(330, 9, 65, 48, 17, 'E9,D9', 'Combo-Halo-2 ', '419000', 324, 1, '2024-05-26 16:02:24'),
(331, 11, 67, 46, 17, 'C4', '', '100000', 325, 1, '2024-05-26 16:04:39'),
(332, 10, 66, 47, 17, 'H6', '', '300000', 326, 1, '2024-05-26 16:06:06'),
(333, 4, 56, 53, 17, 'E4,E3,E2', 'Combo-Hủy-Diệt ', '799000', 327, 3, '2024-05-26 21:15:57'),
(334, 4, 56, 53, 17, 'B4', '', '100000', 328, 3, '2024-05-26 21:21:30'),
(335, 4, 56, 53, 17, 'B4', '', '100000', 329, 3, '2024-05-26 21:22:52'),
(336, 7, 62, 50, 18, 'G4', 'Combo-Hủy-Diệt ', '499000', 330, 3, '2024-05-26 21:26:06'),
(337, 7, 62, 50, 18, 'G7', '', '300000', 331, 3, '2024-05-26 21:36:40'),
(338, 7, 62, 50, 18, 'H3', '', '300000', 332, 3, '2024-05-26 21:40:43'),
(339, 7, 62, 50, 18, 'H5', '', '300000', 333, 3, '2024-05-26 21:48:25'),
(340, 11, 67, 46, 18, 'F8', '', '200000', 334, 1, '2024-05-26 21:59:12'),
(341, 11, 67, 46, 18, 'H2', '', '300000', 335, 1, '2024-05-26 22:22:15'),
(342, 11, 67, 46, 18, 'H2', '', '300000', 336, 1, '2024-05-26 22:24:15'),
(343, 11, 67, 46, 18, 'H2', '', '300000', 337, 1, '2024-05-26 22:25:33'),
(344, 11, 67, 46, 18, 'H3', '', '300000', 338, 1, '2024-05-26 22:33:05'),
(345, 11, 67, 46, 18, 'H3', '', '300000', 339, 1, '2024-05-26 22:35:01'),
(346, 11, 67, 46, 18, 'H3', '', '300000', 340, 1, '2024-05-26 22:35:34'),
(347, 15, 79, 58, 20, 'F2', '', '200000', 341, 3, '2024-05-27 04:29:57'),
(348, 15, 79, 58, 20, 'F2', '', '200000', 342, 3, '2024-05-27 04:32:28'),
(349, 15, 79, 58, 20, 'F2', '', '200000', 343, 3, '2024-05-27 04:34:44'),
(350, 15, 79, 58, 20, 'F2', '', '200000', 344, 3, '2024-05-27 04:36:15'),
(351, 15, 77, 60, 20, 'H1', '', '100000', 345, 3, '2024-05-27 06:16:48'),
(352, 15, 79, 58, 20, 'H4', '', '300000', 346, 3, '2024-05-27 06:45:56'),
(353, 16, 81, 56, 20, 'D3', '', '200000', 347, 3, '2024-05-27 07:41:28'),
(354, 12, 70, 68, 19, 'C2,C1', '', '200000', 348, 3, '2024-05-27 14:15:39'),
(355, 12, 85, 72, 19, 'G2,G1', '', '400000', 349, 3, '2024-05-27 14:22:16'),
(356, 12, 85, 72, 19, 'F2', '', '200000', 350, 3, '2024-05-27 15:39:28'),
(357, 15, 77, 60, 19, 'E1', '', '100000', 351, 3, '2024-05-27 15:43:38'),
(358, 15, 80, 57, 19, 'A2,A1', 'Combo-Hủy-Diệt ', '399000', 352, 3, '2024-05-27 16:45:42'),
(359, 11, 101, 91, 26, 'D4,D3', 'Combo-Hủy-Diệt ', '599000', 353, 3, '2024-10-08 11:17:34'),
(360, 11, 102, 90, 26, 'G2,F2', 'Combo-Hủy-Diệt ', '699000', 354, 3, '2024-10-08 11:21:13'),
(361, 9, 99, 93, 26, 'G5', '', '300000', 355, 3, '2024-10-08 13:34:36'),
(362, 13, 106, 87, 26, 'E2', 'Combo-Hủy-Diệt ', '399000', 356, 3, '2024-10-08 17:04:50'),
(363, 11, 102, 90, 27, 'C1', 'Combo-Hủy-Diệt ', '299000', 357, 3, '2024-10-09 14:26:44'),
(364, 19, 111, 106, 28, 'D5,D6', 'Combo-Hủy-Diệt ', '599000', 358, 3, '2024-11-08 19:25:47'),
(365, 20, 130, 116, 28, 'C2', '', '100000', 359, 3, '2024-11-19 00:37:14'),
(366, 20, 135, 121, 28, 'H4', 'Combo-Hủy-Diệt ', '499000', 361, 3, '2024-11-21 20:09:58'),
(367, 20, 135, 121, 28, 'H4', 'Combo-Hủy-Diệt ', '499000', 362, 3, '2024-11-21 23:12:13'),
(368, 20, 135, 121, 28, '\r\n                                                            I7-8\r\n                                                          ,\r\n                                                            J9-10\r\n                                                          ', 'Combo-Hủy-Diệt ', '800000', 369, 3, '2024-11-22 00:19:13'),
(369, 20, 135, 121, 28, '\r\n                                                            I7-8\r\n                                                          ,\r\n                                                            J9-10\r\n                                                          ', 'Combo-Hủy-Diệt ', '800000', 370, 3, '2024-11-22 00:22:29'),
(370, 20, 135, 121, 28, '\r\n                                                        H3\r\n                                                      ', 'Combo-Hủy-Diệt ', '100000', 372, 3, '2024-11-22 00:23:22'),
(371, 20, 135, 121, 28, '\r\n                                                        H3\r\n                                                      ', 'Combo-Hủy-Diệt ', '100000', 373, 3, '2024-11-22 00:26:05'),
(372, 20, 135, 121, 28, '\r\n                                                        F4\r\n                                                      ,\r\n                                                            I3-4\r\n                                                          ', 'Combo-Hủy-Diệt ', '500000', 374, 3, '2024-11-22 00:26:20'),
(373, 20, 135, 121, 28, '\r\n                                                            J5-6\r\n                                                          ', 'Combo-Hủy-Diệt ', '400000', 375, 3, '2024-11-22 00:41:31'),
(374, 20, 135, 121, 28, '\r\n                                                            J1-2\r\n                                                          ', 'Combo-Hủy-Diệt ', '400000', 376, 3, '2024-11-22 01:05:55'),
(375, 20, 135, 121, 28, '\r\n                                                            J1-2\r\n                                                          ', 'Combo-Hủy-Diệt ', '400000', 377, 3, '2024-11-22 01:07:06'),
(376, 20, 135, 121, 28, '\r\n                                                            J1-2\r\n                                                          ', 'Combo-Hủy-Diệt ', '400000', 378, 3, '2024-11-22 01:07:10'),
(377, 20, 135, 121, 28, '\r\n                                                            J1-2\r\n                                                          ', 'Combo-Hủy-Diệt ', '400000', 379, 3, '2024-11-22 01:07:30'),
(378, 20, 135, 121, 28, '\r\n                                                            J1-2\r\n                                                          ', 'Combo-Hủy-Diệt ', '400000', 380, 3, '2024-11-22 01:07:42'),
(379, 20, 135, 121, 28, '\r\n                                                            J1-2\r\n                                                          ', 'Combo-Hủy-Diệt ', '400000', 381, 3, '2024-11-22 01:31:08'),
(380, 20, 135, 121, 28, '\r\n                                                            J1-2\r\n                                                          ', 'Combo-Hủy-Diệt ', '400000', 382, 3, '2024-11-22 01:32:20'),
(381, 20, 135, 121, 28, '\r\n                                                            J5-6\r\n                                                          ', 'Combo-Hủy-Diệt ', '355000', 383, 3, '2024-11-22 01:35:30'),
(382, 20, 135, 121, 28, '\r\n                                                            J5-6\r\n                                                          ', 'Combo-Hủy-Diệt ', '355000', 384, 3, '2024-11-22 01:41:15'),
(383, 20, 135, 121, 28, '\r\n                                                            J5-6\r\n                                                          ', 'Combo-Hủy-Diệt ', '355000', 385, 3, '2024-11-22 01:42:02'),
(384, 20, 135, 121, 28, '\r\n                                                            J5-6\r\n                                                          ', 'Combo-Hủy-Diệt ', '355000', 386, 3, '2024-11-22 01:43:38'),
(385, 20, 135, 121, 28, '\r\n                                                            J5-6\r\n                                                          ', 'Combo-Hủy-Diệt ', '355000', 387, 3, '2024-11-22 01:43:39'),
(386, 20, 135, 121, 28, '\r\n                                                            J5-6\r\n                                                          ', 'Combo-Hủy-Diệt ', '355000', 388, 3, '2024-11-22 01:43:41'),
(387, 20, 135, 121, 28, '\r\n                                                            J5-6\r\n                                                          ', 'Combo-Hủy-Diệt ', '355000', 389, 3, '2024-11-22 01:43:49'),
(388, 20, 135, 121, 28, '\r\n                                                            J5-6\r\n                                                          ', 'Combo-Hủy-Diệt ', '355000', 390, 3, '2024-11-22 01:44:05'),
(389, 20, 135, 121, 28, '\r\n                                                            J5-6\r\n                                                          ', 'Combo-Hủy-Diệt ', '355000', 391, 3, '2024-11-22 01:45:33'),
(390, 20, 135, 121, 28, '\r\n                                                            J5-6\r\n                                                          ', 'Combo-Hủy-Diệt ', '355000', 392, 3, '2024-11-22 01:45:35'),
(391, 20, 135, 121, 28, '\r\n                                                            J5-6\r\n                                                          ', 'Combo-Hủy-Diệt ', '355000', 393, 3, '2024-11-22 01:45:49'),
(392, 20, 135, 121, 28, '\r\n                                                            J5-6\r\n                                                          ', 'Combo-Hủy-Diệt ', '355000', 394, 3, '2024-11-22 01:47:00'),
(393, 20, 135, 121, 28, '\r\n                                                            J5-6\r\n                                                          ', 'Combo-Hủy-Diệt ', '355000', 395, 3, '2024-11-22 01:47:10'),
(394, 20, 135, 121, 28, '\r\n                                                            J5-6\r\n                                                          ', 'Combo-Hủy-Diệt ', '355000', 396, 3, '2024-11-22 01:47:36'),
(395, 20, 135, 121, 28, '\r\n                                                            J5-6\r\n                                                          ', 'Combo-Hủy-Diệt ', '355000', 397, 3, '2024-11-22 01:47:38'),
(396, 20, 135, 121, 28, 'H2', 'Combo-Hủy-Diệt ', '499000', 398, 3, '2024-11-22 01:48:09'),
(397, 20, 135, 121, 28, '\r\n                                                            J7-8\r\n                                                          ', '', '355000', 402, 3, '2024-11-22 01:49:13'),
(398, 20, 135, 121, 28, '\r\n                                                            J7-8\r\n                                                          ', 'Combo-Hủy-Diệt ', '355000', 403, 3, '2024-11-22 01:49:23'),
(399, 20, 135, 121, 28, '\r\n                                                            J7-8\r\n                                                          ', 'Combo-Hủy-Diệt ', '355000', 404, 3, '2024-11-22 01:50:31'),
(400, 20, 135, 121, 28, '\r\n                                                            J7-8\r\n                                                          ', '', '355000', 405, 3, '2024-11-22 01:50:43'),
(401, 20, 135, 121, 28, '\r\n                                                            J7-8\r\n                                                          ', '', '355000', 406, 3, '2024-11-22 01:51:05'),
(402, 20, 135, 121, 28, '\r\n                                                            J7-8\r\n                                                          ', '', '355000', 407, 3, '2024-11-22 01:52:54'),
(403, 20, 135, 121, 28, '\r\n                                                            J7-8\r\n                                                          ', 'Combo-Hủy-Diệt ', '355000', 408, 3, '2024-11-22 01:53:02'),
(404, 20, 135, 121, 28, '\r\n                                                            J7-8\r\n                                                          ', '', '355000', 409, 3, '2024-11-22 01:53:10'),
(405, 20, 135, 121, 28, '\r\n                                                            I3-4\r\n                                                          ', '', '355000', 410, 3, '2024-11-22 01:56:26'),
(406, 20, 135, 121, 28, '\r\n                                                            I3-4\r\n                                                          ', 'Combo-Hủy-Diệt ', '355000', 411, 3, '2024-11-22 01:58:00'),
(407, 20, 135, 121, 28, '\r\n                                                            I3-4\r\n                                                          ', 'Combo-Hủy-Diệt ', '355000', 412, 3, '2024-11-22 01:59:12'),
(408, 20, 135, 121, 28, '\r\n                                                            I3-4\r\n                                                          ', 'Combo-Hủy-Diệt ', '355000', 413, 3, '2024-11-22 02:01:43'),
(409, 20, 135, 121, 28, '\r\n                                                        G4\r\n                                                      ', 'Combo-Hủy-Diệt ', '55000', 414, 3, '2024-11-22 11:03:31'),
(410, 20, 135, 121, 28, '\r\n                                                        D4\r\n                                                      ,\r\n                                                            J3-4\r\n                                                          ', 'Combo-Hủy-Diệt ', '455000', 415, 3, '2024-11-22 14:48:18'),
(411, 20, 135, 121, 28, '\r\n                                                        H8\r\n                                                      ,\r\n                                                            J7-8\r\n                                                          ', 'Combo-Halo-2 ', '500000', 416, 3, '2024-11-22 15:00:43'),
(412, 20, 135, 121, 28, '\r\n                                                        G1\r\n                                                      ', 'Combo-Hủy-Diệt ', '100000', 417, 3, '2024-11-22 15:12:20'),
(413, 20, 135, 121, 28, '\r\n                                                            I5-6\r\n                                                          ', 'Combo-Halo ', '400000', 418, 3, '2024-11-22 15:17:56'),
(414, 20, 138, 122, 28, '\r\n                                                            I1-2\r\n                                                          ,\r\n                                                            J5-6\r\n                                                          ', 'Combo-Hủy-Diệt ', '755000', 419, 3, '2024-11-22 18:28:51'),
(415, 20, 138, 122, 28, '\r\n                                                        H3\r\n                                                      ,\r\n                                                            J5-6\r\n                                                          ', 'Combo-Hủy-Diệt ', '455000', 420, 3, '2024-11-22 19:15:30'),
(416, 20, 139, 124, 28, '\r\n                                                        G5\r\n                                                      ', '', '100000', 421, 3, '2024-12-01 17:13:13'),
(417, 20, 139, 124, 28, '\r\n                                                        G5\r\n                                                      ', '', '100000', 422, 3, '2024-12-01 17:15:33'),
(418, 20, 139, 124, 28, '\r\n                                                        G5\r\n                                                      ', '', '100000', 423, 3, '2024-12-01 17:15:48'),
(419, 20, 139, 124, 28, '\r\n                                                        G5\r\n                                                      ', '', '100000', 424, 3, '2024-12-01 17:16:25'),
(420, 20, 139, 124, 28, '\r\n                                                        G5\r\n                                                      ', '', '100000', 425, 3, '2024-12-01 17:16:39'),
(421, 20, 139, 124, 28, '\r\n                                                        G5\r\n                                                      ', '', '100000', 426, 3, '2024-12-01 17:16:47'),
(422, 20, 139, 124, 28, '\r\n                                                        G5\r\n                                                      ', '', '100000', 427, 3, '2024-12-01 17:19:33'),
(423, 20, 139, 124, 28, '\r\n                                                        G5\r\n                                                      ', '', '100000', 428, 3, '2024-12-01 17:19:43'),
(424, 20, 139, 124, 28, '\r\n                                                        G5\r\n                                                      ', '', '100000', 429, 3, '2024-12-01 17:19:45'),
(425, 20, 139, 124, 28, '\r\n                                                        G5\r\n                                                      ', '', '100000', 430, 3, '2024-12-01 17:20:08'),
(426, 20, 139, 124, 28, '\r\n                                                        G5\r\n                                                      ', '', '100000', 431, 3, '2024-12-01 17:20:17'),
(427, 20, 139, 124, 28, '\r\n                                                        G5\r\n                                                      ', 'Combo-Hủy-Diệt ', '100000', 432, 3, '2024-12-01 17:20:28'),
(428, 20, 139, 124, 28, '\r\n                                                        F6\r\n                                                      ', '', '100000', 433, 3, '2024-12-01 17:23:14'),
(429, 20, 143, 125, 28, '\r\n                                                            J5-6\r\n                                                          ', '', '400000', 434, 3, '2024-12-01 17:46:06'),
(430, 20, 143, 125, 28, '\r\n                                                            J5-6\r\n                                                          ', '', '400000', 435, 3, '2024-12-01 17:46:50'),
(431, 20, 143, 125, 28, '\r\n                                                            J5-6\r\n                                                          ', '', '400000', 436, 3, '2024-12-01 17:47:08'),
(432, 20, 143, 125, 28, '\r\n                                                            J5-6\r\n                                                          ', '', '400000', 437, 3, '2024-12-01 17:47:29'),
(433, 20, 143, 125, 28, '\r\n                                                            J5-6\r\n                                                          ', '', '400000', 438, 3, '2024-12-01 17:47:59'),
(434, 20, 143, 125, 28, '\r\n                                                            J5-6\r\n                                                          ', '', '400000', 439, 3, '2024-12-01 17:49:18'),
(435, 20, 143, 125, 28, '\r\n                                                            J5-6\r\n                                                          ', '', '400000', 440, 3, '2024-12-01 17:50:06'),
(436, 20, 143, 125, 28, '\r\n                                                            J5-6\r\n                                                          ', '', '400000', 441, 3, '2024-12-01 17:50:19'),
(437, 20, 143, 125, 28, '\r\n                                                            J5-6\r\n                                                          ', '', '400000', 442, 3, '2024-12-01 17:50:42'),
(438, 20, 143, 125, 28, '\r\n                                                            J5-6\r\n                                                          ', '', '400000', 443, 3, '2024-12-01 17:51:26'),
(439, 20, 143, 125, 28, '\r\n                                                            J5-6\r\n                                                          ', '', '400000', 444, 3, '2024-12-01 17:51:30'),
(440, 20, 143, 125, 28, '\r\n                                                            J5-6\r\n                                                          ', '', '400000', 445, 3, '2024-12-01 17:51:53'),
(441, 20, 143, 125, 28, '\r\n                                                            J5-6\r\n                                                          ', '', '400000', 446, 3, '2024-12-01 17:52:30'),
(442, 20, 143, 125, 28, '\r\n                                                            J5-6\r\n                                                          ', '', '400000', 447, 3, '2024-12-01 17:52:56'),
(443, 20, 143, 125, 28, '\r\n                                                            J5-6\r\n                                                          ', '', '400000', 448, 3, '2024-12-01 17:53:02'),
(444, 20, 143, 125, 28, '\r\n                                                            J5-6\r\n                                                          ', '', '400000', 449, 3, '2024-12-01 17:53:18'),
(445, 20, 143, 125, 28, '\r\n                                                            J5-6\r\n                                                          ', '', '400000', 450, 3, '2024-12-01 17:53:37'),
(446, 20, 143, 125, 28, '\r\n                                                            J5-6\r\n                                                          ', '', '400000', 451, 3, '2024-12-01 17:54:10'),
(447, 20, 143, 125, 28, '\r\n                                                            J5-6\r\n                                                          ', '', '400000', 452, 3, '2024-12-01 17:54:59'),
(448, 20, 143, 125, 28, '\r\n                                                            J5-6\r\n                                                          ', '', '400000', 453, 3, '2024-12-01 17:55:09'),
(449, 20, 143, 125, 28, '\r\n                                                            J5-6\r\n                                                          ', '', '400000', 454, 3, '2024-12-01 17:55:20'),
(450, 20, 143, 125, 28, '\r\n                                                            J5-6\r\n                                                          ', '', '400000', 455, 3, '2024-12-01 17:57:01'),
(451, 20, 143, 125, 28, '\r\n                                                            J5-6\r\n                                                          ', '', '400000', 456, 3, '2024-12-01 17:57:14'),
(452, 20, 143, 125, 28, '\r\n                                                            J5-6\r\n                                                          ', '', '400000', 457, 3, '2024-12-01 17:57:41'),
(453, 20, 143, 125, 28, '\r\n                                                            J5-6\r\n                                                          ', '', '400000', 458, 3, '2024-12-01 17:57:42'),
(454, 20, 143, 125, 28, '\r\n                                                            J5-6\r\n                                                          ', '', '400000', 459, 3, '2024-12-01 17:57:58'),
(455, 20, 143, 125, 28, '\r\n                                                            J5-6\r\n                                                          ', '', '400000', 460, 3, '2024-12-01 17:58:08'),
(456, 20, 143, 125, 28, '\r\n                                                            J5-6\r\n                                                          ', '', '400000', 461, 3, '2024-12-01 17:58:10'),
(457, 20, 143, 125, 28, '\r\n                                                            J5-6\r\n                                                          ', '', '400000', 462, 3, '2024-12-01 17:58:11'),
(458, 20, 143, 125, 28, '\r\n                                                            J5-6\r\n                                                          ', '', '400000', 463, 3, '2024-12-01 18:00:17'),
(459, 20, 143, 125, 28, '\r\n                                                            J5-6\r\n                                                          ', '', '400000', 464, 3, '2024-12-01 18:00:21'),
(460, 20, 143, 125, 28, '\r\n                                                            J5-6\r\n                                                          ', '', '400000', 465, 3, '2024-12-01 18:00:50'),
(461, 20, 143, 125, 28, '\r\n                                                            J3-4\r\n                                                          ', 'Combo-Hủy-Diệt ', '350000', 466, 3, '2024-12-02 00:21:43'),
(462, 20, 143, 125, 28, '\r\n                                                        C5\r\n                                                      ', 'Combo-Hủy-Diệt ', '100000', 468, 3, '2024-12-02 02:31:05'),
(463, 20, 143, 125, 28, '\r\n                                                        C5\r\n                                                      ', 'Combo-Hủy-Diệt ', '100000', 469, 3, '2024-12-02 02:33:27'),
(464, 20, 143, 125, 28, '\r\n                                                            I5-6\r\n                                                          ', 'Combo-Halo-2 ', '400000', 470, 3, '2024-12-02 02:39:18'),
(465, 20, 143, 125, 28, '\r\n                                                            I3-4\r\n                                                          ', 'Combo-Halo ', '400000', 471, 3, '2024-12-02 02:43:48'),
(466, 20, 143, 125, 28, '\r\n                                                        H3\r\n                                                      ', 'Combo-Hủy-Diệt ', '100000', 472, 3, '2024-12-02 03:07:50'),
(467, 20, 143, 125, 28, '\r\n                                                        H3\r\n                                                      ', 'Combo-Hủy-Diệt ', '100000', 473, 3, '2024-12-02 03:08:09'),
(468, 20, 143, 125, 28, '\r\n                                                        B5\r\n                                                      ', 'Combo-Halo ', '130000', 474, 3, '2024-12-02 03:11:43'),
(469, 20, 143, 125, 28, '\r\n                                                        B5\r\n                                                      ', 'Combo-Halo ', '389000', 475, 3, '2024-12-02 03:27:35'),
(470, 20, 143, 125, 28, '\r\n                                                            J1-2\r\n                                                          ', 'Combo-Halo ', '659000', 476, 3, '2024-12-02 04:00:41'),
(471, 20, 146, 126, 28, '\r\n                                                        G5\r\n                                                      ', 'Combo-Halo-2 ', '319000', 477, 3, '2024-12-02 04:31:32'),
(472, 20, 144, 125, 28, '\r\n                                                        H10\r\n                                                      ,\r\n                                                        H11\r\n                                                      ', 'Combo-Wish-B3 ', '335000', 478, 3, '2024-12-02 06:01:00'),
(473, 20, 144, 125, 28, '\r\n                                                        B2\r\n                                                      ', 'Combo-Wish-B3 ', '265000', 479, 3, '2024-12-02 06:09:16'),
(474, 20, 144, 125, 28, '\r\n                                                              B5\r\n                                                            ,\r\n                                                    I9-10\r\n                                                  ', 'Combo-Halo ', '739000', 480, 3, '2024-12-02 06:27:18'),
(475, 20, 146, 126, 28, '\r\n                                                              G1\r\n                                                            ,\r\n                                                              G2\r\n                                                          ', 'Combo-Coca ', '259000', 481, 3, '2024-12-02 17:08:30'),
(476, 20, 146, 126, 28, '\r\n                                                    K7-8\r\n                                                  ', 'Combo-Halo-2 ', '619000', 482, 3, '2024-12-02 18:44:02'),
(477, 17, 147, 127, 30, 'H5', 'Combo-Halo ', '559000', 483, 0, '2024-12-04 04:13:58'),
(478, 17, 147, 127, 30, '\r\n                                                    L5-6\r\n                                                  ', '', '400000', 484, 1, '2024-12-04 06:22:20'),
(479, 17, 147, 127, 28, '\r\n                                                    L7-8\r\n                                                  ', 'Combo-Hủy-Diệt ', '549000', 485, 1, '2024-12-04 12:01:08'),
(480, 17, 147, 127, 28, '\r\n                                                    L9-10\r\n                                                  ,\r\n                                                    L11-12\r\n                                                  ', 'Combo-Hủy-Diệt ', '750000', 486, 0, '2024-12-04 15:09:08'),
(481, 17, 147, 127, 28, '\r\n                                                    L9-10\r\n                                                  ,\r\n                                                    L11-12\r\n                                                  ', 'Combo-Hủy-Diệt ', '949000', 487, 0, '2024-12-04 15:23:29'),
(482, 17, 147, 127, 28, '\r\n                                                    L9-10\r\n                                                  ,\r\n                                                    L11-12\r\n                                                  ', 'Combo-Hủy-Diệt ', '1148000', 488, 1, '2024-12-04 15:59:20'),
(483, 17, 147, 127, 28, '\r\n                                                    L7-8\r\n                                                  ,\r\n                                                    L9-10\r\n                                                  ', 'Combo-Hủy-Diệt ', '1148000', 489, 1, '2024-12-04 16:20:29'),
(484, 17, 147, 127, 28, '\r\n                                                    L7-8\r\n                                                  ,\r\n                                                    L9-10\r\n                                                  ', 'Combo-Hủy-Diệt ', '1148000', 490, 1, '2024-12-04 16:31:33'),
(485, 17, 147, 127, 28, '\r\n                                                              H5\r\n                                                            ,\r\n                                                              H6\r\n                                                          ', 'Combo-Wish-C1 ', '400000', 491, 1, '2024-12-04 16:42:55'),
(486, 17, 147, 127, 28, '\r\n                                                              H5\r\n                                                            ,\r\n                                                              H6\r\n                                                          ', 'Combo-Wish-C1 ', '400000', 492, 1, '2024-12-04 16:45:10'),
(487, 17, 147, 127, 28, '\r\n                                                              H3\r\n                                                            ', 'Combo-Coca ', '168000', 493, 1, '2024-12-04 16:52:48'),
(488, 17, 147, 127, 28, '\r\n                                                              H3\r\n                                                            ', 'Combo-Coca ', '168000', 494, 1, '2024-12-04 16:56:41'),
(489, 17, 147, 127, 28, '\r\n                                                              A1\r\n                                                            ,\r\n                                                              A2\r\n                                                          ', 'Combo-Wish-B3 ', '580000', 495, 1, '2024-12-04 17:00:59'),
(490, 17, 147, 127, 28, '\r\n                                                              A1\r\n                                                            ,\r\n                                                              A2\r\n                                                          ', 'Combo-Wish-B3 ', '580000', 496, 1, '2024-12-04 11:04:38'),
(491, 17, 147, 127, 28, '\r\n                                                              A1\r\n                                                            ,\r\n                                                              A2\r\n                                                          ', 'Combo-Hủy-Diệt ', '409000', 497, 1, '2024-12-04 17:13:29'),
(492, 17, 147, 127, 28, '\r\n                                                    K1-2\r\n                                                  ', 'Combo-Halo ', '659000', 498, 1, '2024-12-04 17:40:30'),
(493, 17, 147, 127, 28, '\r\n                                                    K1-2\r\n                                                  ', 'Combo-Hủy-Diệt ', '599000', 499, 1, '2024-12-04 17:44:58'),
(494, 17, 147, 127, 28, '\r\n                                                    K1-2\r\n                                                  ', 'Combo-Hủy-Diệt ', '599000', 500, 1, '2024-12-04 17:49:00'),
(495, 17, 147, 127, 28, '\r\n                                                    L7-8\r\n                                                  ', 'Combo-Hủy-Diệt ', '549000', 501, 1, '2024-12-05 03:15:41'),
(496, 17, 147, 127, 28, '\r\n                                                    L7-8\r\n                                                  ', 'Combo-Hủy-Diệt ', '549000', 502, 1, '2024-12-05 03:19:02'),
(497, 17, 147, 127, 28, '\r\n                                                    L7-8\r\n                                                  ', 'Combo-Hủy-Diệt ', '549000', 503, 1, '2024-12-05 03:27:19'),
(498, 17, 147, 127, 28, '\r\n                                                    L5-6\r\n                                                  ', 'Combo-Halo-2 ', '569000', 504, 1, '2024-12-05 03:51:44'),
(499, 17, 147, 127, 28, '\r\n                                                    L5-6\r\n                                                  ', 'Combo-Hủy-Diệt ', '549000', 505, 1, '2024-12-05 04:05:18'),
(500, 17, 147, 127, 28, '\r\n                                                    K7-8\r\n                                                  ', 'Combo-Halo-2 ', '569000', 506, 1, '2024-12-05 04:10:36'),
(501, 17, 147, 127, 28, '\r\n                                                              J6\r\n                                                            ,\r\n                                                    L5-6\r\n                                                  ', 'Combo-Hủy-Diệt ', '649000', 507, 1, '2024-12-05 04:15:43'),
(502, 17, 147, 127, 28, '\r\n                                                    K1-2\r\n                                                  ,\r\n                                                    K3-4\r\n                                                  ', 'Combo-Halo ', '1009000', 508, 1, '2024-12-05 04:20:44'),
(504, 17, 147, 127, 28, '\r\n                                                              I5\r\n                                                            ,\r\n                                                              I6\r\n                                                          ', 'Combo-Wish-B3 ', '335000', 510, 1, '2024-12-05 04:29:41'),
(505, 17, 147, 127, 28, 'I12\r\n                                                            ,\r\n                                                              J12', 'Combo-Coca ', '209000', 511, 1, '2024-12-05 04:31:27'),
(506, 17, 147, 127, 28, 'H1\r\n                                                            ,\r\n                                                              I1', '', '200000', 512, 1, '2024-12-05 04:33:54'),
(507, 17, 147, 127, 28, 'G1,H1', '', '200000', 513, 1, '2024-12-05 04:37:17'),
(508, 17, 147, 127, 28, 'E1,E2', 'Combo-Halo-2 ', '369000', 514, 1, '2024-12-05 04:42:45'),
(509, 17, 147, 127, 28, 'A5,A6', 'Combo-Hủy-Diệt ', '459000', 515, 1, '2024-12-05 04:46:44'),
(511, 17, 147, 127, 28, 'G5,G6', '', '600000', 520, 1, '2024-12-05 04:56:59'),
(518, 17, 147, 127, 28, 'L9-10,L11-12', '', '800000', 531, 1, '2024-12-05 05:21:06'),
(519, 20, 152, 133, 28, 'G4,G5', 'Combo-Halo-2 ', '369000', 534, 1, '2024-12-05 16:04:10'),
(520, 20, 152, 133, 28, 'F2,F3', '', '200000', 546, 1, '2024-12-05 17:45:33'),
(521, 20, 153, 132, 28, 'G6,G7', 'Combo-Hủy-Diệt ', '399000', 547, 1, '2024-12-05 17:47:44'),
(525, 7, 163, 135, 28, 'H6, I5-6, I7-8', 'Combo-Hủy-Diệt ', '649000', 562, 0, '2024-12-09 01:38:04'),
(526, 7, 163, 135, 28, 'I9-10, J9-10', 'Combo-Wish-C1 ', '475000', 563, 1, '2024-12-09 01:43:14'),
(527, 7, 163, 135, 28, 'G3, H3', 'Combo-Wish-C1 ', '275000', 564, 1, '2024-12-09 01:56:39'),
(528, 7, 163, 135, 28, 'H10, J9-10', '', '300000', 566, 1, '2024-12-09 02:08:48'),
(529, 7, 163, 135, 28, 'B7, C7', 'Combo-Wish-C1 ', '325000', 567, 1, '2024-12-09 02:11:21'),
(530, 7, 163, 135, 28, 'A1, B3', 'Combo-Halo-2 ', '469000', 568, 1, '2024-12-09 02:17:15'),
(531, 7, 163, 135, 28, 'E8, E9', '', '150000', 570, 1, '2024-12-09 02:23:59'),
(532, 7, 163, 135, 28, 'I3-4, I5-6', 'Combo-Wish-B3 ', '535000', 571, 1, '2024-12-09 02:27:03'),
(533, 7, 163, 135, 28, 'D5, D6', '', '200000', 572, 1, '2024-12-09 03:21:13'),
(534, 7, 163, 135, 28, 'I7-8', 'Combo-Hủy-Diệt ', '399000', 573, 1, '2024-12-09 03:22:54'),
(535, 7, 163, 135, 28, 'G11, G12', '', '200000', 574, 1, '2024-12-09 03:28:22'),
(536, 7, 163, 135, 28, 'A11, C11', '', '250000', 575, 1, '2024-12-09 03:34:48'),
(537, 7, 163, 135, 28, 'D1, D2', '', '200000', 576, 1, '2024-12-09 03:38:15'),
(538, 7, 163, 135, 28, 'A6, A7', '', '300000', 577, 1, '2024-12-09 03:41:06'),
(539, 7, 163, 135, 28, 'F9, F10', '', '200000', 578, 1, '2024-12-09 03:46:35'),
(540, 7, 163, 135, 28, 'E5, E6', '', '200000', 579, 1, '2024-12-09 03:51:18'),
(541, 7, 163, 135, 28, 'I15, J15', '', '200000', 580, 1, '2024-12-09 03:54:30'),
(542, 7, 163, 135, 28, 'H5, H6', '', '200000', 581, 1, '2024-12-09 03:59:43'),
(543, 7, 163, 135, 28, 'H7, H8', 'Combo-Hủy-Diệt ', '399000', 582, 1, '2024-12-09 04:01:01'),
(544, 17, 164, 127, 28, 'B6, D3, D8, E4, E8, F8, H3, I3-4', '', '950000', 583, 1, '2024-12-09 04:13:57'),
(545, 17, 164, 127, 28, 'A4, B3, B4, G5, H5, I5-6', 'Combo-Halo-2 ', '1069000', 584, 1, '2024-12-09 04:18:52'),
(546, 17, 164, 127, 28, 'F1, H1, J1-2', 'Combo-Wish-C1 , Combo-Halo ', '784000', 585, 1, '2024-12-09 04:29:22'),
(547, 17, 164, 127, 28, 'F6, G6, G7', 'Combo-Wish-C1 ', '425000', 586, 1, '2024-12-09 10:57:50'),
(548, 17, 164, 127, 28, 'J9-10, J11-12', 'Combo-Halo , Combo-Wish-C1 ', '734000', 587, 1, '2024-12-11 00:21:45'),
(549, 17, 164, 127, 28, 'H9, H10', 'Combo-Halo ', '409000', 588, 1, '2024-12-11 00:25:27'),
(550, 17, 164, 127, 28, 'G11, J5-6', '', '300000', 589, 1, '2024-12-11 00:27:47'),
(551, 17, 164, 127, 28, 'I1-2', '', '200000', 590, 1, '2024-12-11 00:29:18'),
(552, 17, 164, 127, 31, 'G9, G10', 'Combo-Hủy-Diệt ', '399000', 591, 1, '2024-12-11 01:35:41'),
(553, 17, 164, 127, 28, 'B10, B11', 'Combo-Coca ', '359000', 592, 1, '2024-12-11 02:46:51');

--
-- Chỉ mục cho các bảng đã đổ
--

--
-- Chỉ mục cho bảng `binhluan`
--
ALTER TABLE `binhluan`
  ADD PRIMARY KEY (`id`),
  ADD KEY `id_phim` (`id_phim`),
  ADD KEY `id_user` (`id_user`);

--
-- Chỉ mục cho bảng `ghe`
--
ALTER TABLE `ghe`
  ADD PRIMARY KEY (`id`),
  ADD KEY `id_khung_gio_chieu` (`id_khung_gio_chieu`);

--
-- Chỉ mục cho bảng `hoa_don`
--
ALTER TABLE `hoa_don`
  ADD PRIMARY KEY (`id`);

--
-- Chỉ mục cho bảng `khung_gio_chieu`
--
ALTER TABLE `khung_gio_chieu`
  ADD PRIMARY KEY (`id`),
  ADD KEY `id_lich_chieu` (`id_lich_chieu`),
  ADD KEY `id_phong` (`id_phong`);

--
-- Chỉ mục cho bảng `khuyen_mai`
--
ALTER TABLE `khuyen_mai`
  ADD PRIMARY KEY (`id`);

--
-- Chỉ mục cho bảng `lichchieu`
--
ALTER TABLE `lichchieu`
  ADD PRIMARY KEY (`id`),
  ADD KEY `id_phim` (`id_phim`),
  ADD KEY `fk_lichchieu_rap` (`rap_id`);

--
-- Chỉ mục cho bảng `lichlamviec`
--
ALTER TABLE `lichlamviec`
  ADD PRIMARY KEY (`id`),
  ADD KEY `id_taikhoan` (`id_taikhoan`),
  ADD KEY `id_rap` (`id_rap`);

--
-- Chỉ mục cho bảng `loaiphim`
--
ALTER TABLE `loaiphim`
  ADD PRIMARY KEY (`id`);

--
-- Chỉ mục cho bảng `nguoidung_khuyenmai`
--
ALTER TABLE `nguoidung_khuyenmai`
  ADD PRIMARY KEY (`id`),
  ADD KEY `id_taikhoan` (`id_taikhoan`),
  ADD KEY `id_km` (`id_km`);

--
-- Chỉ mục cho bảng `phim`
--
ALTER TABLE `phim`
  ADD PRIMARY KEY (`id`),
  ADD KEY `id_loai` (`id_loai`);

--
-- Chỉ mục cho bảng `phongchieu`
--
ALTER TABLE `phongchieu`
  ADD PRIMARY KEY (`id`),
  ADD KEY `fk_rap` (`rap_id`);

--
-- Chỉ mục cho bảng `rap`
--
ALTER TABLE `rap`
  ADD PRIMARY KEY (`id`);

--
-- Chỉ mục cho bảng `taikhoan`
--
ALTER TABLE `taikhoan`
  ADD PRIMARY KEY (`id`),
  ADD KEY `FK_taikhoan_rap` (`rap_id`);

--
-- Chỉ mục cho bảng `ve`
--
ALTER TABLE `ve`
  ADD PRIMARY KEY (`id`),
  ADD KEY `id_tk` (`id_tk`),
  ADD KEY `ve_ibfk_2` (`id_thoi_gian_chieu`),
  ADD KEY `id_ngay_chieu` (`id_ngay_chieu`);

--
-- AUTO_INCREMENT cho các bảng đã đổ
--

--
-- AUTO_INCREMENT cho bảng `binhluan`
--
ALTER TABLE `binhluan`
  MODIFY `id` int(11) NOT NULL AUTO_INCREMENT, AUTO_INCREMENT=15;

--
-- AUTO_INCREMENT cho bảng `ghe`
--
ALTER TABLE `ghe`
  MODIFY `id` int(11) NOT NULL AUTO_INCREMENT, AUTO_INCREMENT=272;

--
-- AUTO_INCREMENT cho bảng `hoa_don`
--
ALTER TABLE `hoa_don`
  MODIFY `id` int(11) NOT NULL AUTO_INCREMENT, AUTO_INCREMENT=593;

--
-- AUTO_INCREMENT cho bảng `khung_gio_chieu`
--
ALTER TABLE `khung_gio_chieu`
  MODIFY `id` int(11) NOT NULL AUTO_INCREMENT, AUTO_INCREMENT=165;

--
-- AUTO_INCREMENT cho bảng `khuyen_mai`
--
ALTER TABLE `khuyen_mai`
  MODIFY `id` int(11) NOT NULL AUTO_INCREMENT, AUTO_INCREMENT=19;

--
-- AUTO_INCREMENT cho bảng `lichchieu`
--
ALTER TABLE `lichchieu`
  MODIFY `id` int(11) NOT NULL AUTO_INCREMENT, AUTO_INCREMENT=137;

--
-- AUTO_INCREMENT cho bảng `lichlamviec`
--
ALTER TABLE `lichlamviec`
  MODIFY `id` int(11) NOT NULL AUTO_INCREMENT, AUTO_INCREMENT=585;

--
-- AUTO_INCREMENT cho bảng `loaiphim`
--
ALTER TABLE `loaiphim`
  MODIFY `id` int(11) NOT NULL AUTO_INCREMENT, AUTO_INCREMENT=21;

--
-- AUTO_INCREMENT cho bảng `nguoidung_khuyenmai`
--
ALTER TABLE `nguoidung_khuyenmai`
  MODIFY `id` int(11) NOT NULL AUTO_INCREMENT, AUTO_INCREMENT=15;

--
-- AUTO_INCREMENT cho bảng `phim`
--
ALTER TABLE `phim`
  MODIFY `id` int(11) NOT NULL AUTO_INCREMENT, AUTO_INCREMENT=28;

--
-- AUTO_INCREMENT cho bảng `phongchieu`
--
ALTER TABLE `phongchieu`
  MODIFY `id` int(11) NOT NULL AUTO_INCREMENT, AUTO_INCREMENT=46;

--
-- AUTO_INCREMENT cho bảng `rap`
--
ALTER TABLE `rap`
  MODIFY `id` int(11) NOT NULL AUTO_INCREMENT, AUTO_INCREMENT=8;

--
-- AUTO_INCREMENT cho bảng `taikhoan`
--
ALTER TABLE `taikhoan`
  MODIFY `id` int(11) NOT NULL AUTO_INCREMENT, AUTO_INCREMENT=32;

--
-- AUTO_INCREMENT cho bảng `ve`
--
ALTER TABLE `ve`
  MODIFY `id` int(11) NOT NULL AUTO_INCREMENT, AUTO_INCREMENT=554;

--
-- Các ràng buộc cho các bảng đã đổ
--

--
-- Các ràng buộc cho bảng `binhluan`
--
ALTER TABLE `binhluan`
  ADD CONSTRAINT `binhluan_ibfk_1` FOREIGN KEY (`id_phim`) REFERENCES `phim` (`id`),
  ADD CONSTRAINT `binhluan_ibfk_2` FOREIGN KEY (`id_user`) REFERENCES `taikhoan` (`id`);

--
-- Các ràng buộc cho bảng `ghe`
--
ALTER TABLE `ghe`
  ADD CONSTRAINT `ghe_ibfk_1` FOREIGN KEY (`id_khung_gio_chieu`) REFERENCES `khung_gio_chieu` (`id`) ON DELETE CASCADE;

--
-- Các ràng buộc cho bảng `lichchieu`
--
ALTER TABLE `lichchieu`
  ADD CONSTRAINT `fk_lichchieu_rap` FOREIGN KEY (`rap_id`) REFERENCES `rap` (`id`),
  ADD CONSTRAINT `lichchieu_ibfk_1` FOREIGN KEY (`id_phim`) REFERENCES `phim` (`id`);

--
-- Các ràng buộc cho bảng `lichlamviec`
--
ALTER TABLE `lichlamviec`
  ADD CONSTRAINT `lichlamviec_ibfk_1` FOREIGN KEY (`id_taikhoan`) REFERENCES `taikhoan` (`id`),
  ADD CONSTRAINT `lichlamviec_ibfk_2` FOREIGN KEY (`id_rap`) REFERENCES `rap` (`id`);

--
-- Các ràng buộc cho bảng `nguoidung_khuyenmai`
--
ALTER TABLE `nguoidung_khuyenmai`
  ADD CONSTRAINT `nguoidung_khuyenmai_ibfk_1` FOREIGN KEY (`id_taikhoan`) REFERENCES `taikhoan` (`id`),
  ADD CONSTRAINT `nguoidung_khuyenmai_ibfk_2` FOREIGN KEY (`id_km`) REFERENCES `khuyen_mai` (`id`);

--
-- Các ràng buộc cho bảng `phongchieu`
--
ALTER TABLE `phongchieu`
  ADD CONSTRAINT `fk_rap` FOREIGN KEY (`rap_id`) REFERENCES `rap` (`id`) ON DELETE CASCADE;

--
-- Các ràng buộc cho bảng `taikhoan`
--
ALTER TABLE `taikhoan`
  ADD CONSTRAINT `FK_taikhoan_rap` FOREIGN KEY (`rap_id`) REFERENCES `rap` (`id`) ON DELETE CASCADE;

DELIMITER $$
--
-- Sự kiện
--
CREATE DEFINER=`root`@`localhost` EVENT `auto_delete_expired_promotions` ON SCHEDULE EVERY 1 DAY STARTS '2024-12-11 01:14:11' ON COMPLETION NOT PRESERVE ENABLE DO BEGIN
            -- Xóa trong bảng nguoidung_khuyenmai trước
            DELETE FROM nguoidung_khuyenmai 
            WHERE id_km IN (SELECT id FROM khuyen_mai WHERE ngay_ket_thuc < CURDATE());
            
            -- Sau đó xóa trong bảng khuyen_mai
            DELETE FROM khuyen_mai 
            WHERE ngay_ket_thuc < CURDATE();
        END$$

DELIMITER ;
COMMIT;

/*!40101 SET CHARACTER_SET_CLIENT=@OLD_CHARACTER_SET_CLIENT */;
/*!40101 SET CHARACTER_SET_RESULTS=@OLD_CHARACTER_SET_RESULTS */;
/*!40101 SET COLLATION_CONNECTION=@OLD_COLLATION_CONNECTION */;
